verse_number,arab,king_fahd,kemenag,google_translate
1, يَـٰٓأَيُّهَا ٱلنَّبِىُّ ٱتَّقِ ٱللَّهَ وَلَا تُطِعِ ٱلْكَـٰفِرِينَ وَٱلْمُنَـٰفِقِينَ ۗ إِنَّ ٱللَّهَ كَانَ عَلِيمًا حَكِيمًا,"Hai Nabi, bertakwalah kepada Allah dan janganlah kamu menuruti (keinginan) orang-orang kafir dan orang-orang munafik.  Sesungguhnya Allah adalah Maha Mengetahui lagi Maha Bijaksana,","Wahai Nabi! Bertakwalah kepada Allah dan janganlah engkau menuruti (keinginan) orang-orang kafir dan orang-orang munafik. Sesungguhnya Allah Maha Mengetahui, Mahabijaksana,","Oh, Nabi, Takut Tuhan, dan jangan mematuhi semua orang yang terpisah"
2,وَٱتَّبِعْ مَا يُوحَىٰٓ إِلَيْكَ مِن رَّبِّكَ ۚ إِنَّ ٱللَّهَ كَانَ بِمَا تَعْمَلُونَ خَبِيرًا,dan ikutilah apa yang diwahyukan Tuhan kepadamu.  Sesungguhnya Allah adalah Maha Mengetahui apa yang kamu kerjakan.,"dan ikutilah apa yang diwahyukan Tuhanmu kepadamu. Sungguh, Allah Mahateliti terhadap apa yang kamu kerjakan,",Dan ikuti apa yang diungkapkan kepada Anda dari Tuhan Anda ۚ Tuhan adalah apa yang Anda lakukan sebagai seorang ahli
3,وَتَوَكَّلْ عَلَى ٱللَّهِ ۚ وَكَفَىٰ بِٱللَّهِ وَكِيلًا,dan bertawakallah kepada Allah.  Dan cukuplah Allah sebagai Pemelihara.,dan bertawakallah kepada Allah. Dan cukuplah Allah sebagai Pemelihara.,Dan percaya pada Tuhan ۚ dan cukup dengan Tuhan
4,مَّا جَعَلَ ٱللَّهُ لِرَجُلٍ مِّن قَلْبَيْنِ فِى جَوْفِهِۦ ۚ وَمَا جَعَلَ أَزْوَٰجَكُمُ ٱلَّـٰٓـِٔى تُظَـٰهِرُونَ مِنْهُنَّ أُمَّهَـٰتِكُمْ ۚ وَمَا جَعَلَ أَدْعِيَآءَكُمْ أَبْنَآءَكُمْ ۚ ذَٰلِكُمْ قَوْلُكُم بِأَفْوَٰهِكُمْ ۖ وَٱللَّهُ يَقُولُ ٱلْحَقَّ وَهُوَ يَهْدِى ٱلسَّبِيلَ,"Allah sekali-kali tidak menjadikan bagi seseorang dua buah hati dalam rongganya dan Dia tidak menjadikan istri-istrimu yang kamu ẓihār  itu sebagai ibumu dan Dia tidak menjadikan anak-anak angkatmu sebagai anak kandungmu (sendiri).  Yang demikian itu, hanyalah perkataanmu di mulutmu saja.  Dan Allah mengatakan yang sebenarnya dan Dia menunjukkan jalan (yang benar).","Allah tidak menjadikan bagi seseorang dua hati dalam rongganya; dan Dia tidak menjadikan istri-istrimu yang kamu zihar itu sebagai ibumu, dan Dia tidak menjadikan anak angkatmu sebagai anak kandungmu (sendiri). Yang demikian itu hanyalah perkataan di mulutmu saja. Allah mengatakan yang sebenarnya dan Dia menujukkan jalan (yang benar).",Apa yang Tuhan telah membuat seorang pria dari dua hati dalam raungan -Nya ۚ dan apa yang membuat suamimu kepadamu aku berdoa kepada anak -anakmu ۚ Itulah pepatahmu dengan kebaikanmu ۖ dan Tuhan berkata kebenaran dan dia membimbing Tuhan
5,ٱدْعُوهُمْ لِـَٔابَآئِهِمْ هُوَ أَقْسَطُ عِندَ ٱللَّهِ ۚ فَإِن لَّمْ تَعْلَمُوٓا۟ ءَابَآءَهُمْ فَإِخْوَٰنُكُمْ فِى ٱلدِّينِ وَمَوَٰلِيكُمْ ۚ وَلَيْسَ عَلَيْكُمْ جُنَاحٌ فِيمَآ أَخْطَأْتُم بِهِۦ وَلَـٰكِن مَّا تَعَمَّدَتْ قُلُوبُكُمْ ۚ وَكَانَ ٱللَّهُ غَفُورًا رَّحِيمًا,"Panggilah mereka (anak-anak angkat itu) dengan (memakai) nama bapak-bapak mereka; itulah yang lebih adil pada sisi Allah dan jika kamu tidak mengetahui bapak-bapak mereka, maka (panggilah mereka sebagai) saudara-saudaramu seagama dan maula-maulamu .   Dan tidak ada dosa atasmu terhadap apa yang kamu khilaf padanya, tetapi (yang ada dosanya) apa yang disengaja oleh hatimu. Dan adalah Allah Maha Pengampun lagi Maha Penyayang.","Panggillah mereka (anak angkat itu) dengan (memakai) nama bapak-bapak mereka; itulah yang adil di sisi Allah, dan jika kamu tidak mengetahui bapak mereka, maka (panggillah mereka sebagai) saudara-saudaramu seagama dan maula-maulamu. Dan tidak ada dosa atasmu jika kamu khilaf tentang itu, tetapi (yang ada dosanya) apa yang disengaja oleh hatimu. Allah Maha Pengampun, Maha Penyayang.","Panggil mereka ke orang tua mereka, itu adalah yang terbaik dari Tuhan ۚ Jika Anda tidak tahu, mereka adalah saudara mereka, untuk Anda, dan Anda ada di dalam Anda dan untuk Anda. A Lavishness saat Anda salah melakukannya, tetapi apa yang disengaja hati Anda"
6,ٱلنَّبِىُّ أَوْلَىٰ بِٱلْمُؤْمِنِينَ مِنْ أَنفُسِهِمْ ۖ وَأَزْوَٰجُهُۥٓ أُمَّهَـٰتُهُمْ ۗ وَأُو۟لُوا۟ ٱلْأَرْحَامِ بَعْضُهُمْ أَوْلَىٰ بِبَعْضٍ فِى كِتَـٰبِ ٱللَّهِ مِنَ ٱلْمُؤْمِنِينَ وَٱلْمُهَـٰجِرِينَ إِلَّآ أَن تَفْعَلُوٓا۟ إِلَىٰٓ أَوْلِيَآئِكُم مَّعْرُوفًا ۚ كَانَ ذَٰلِكَ فِى ٱلْكِتَـٰبِ مَسْطُورًا,"Nabi itu (hendaknya) lebih utama bagi orang-orang mukmin dari diri mereka sendiri  dan istri-istrinya adalah ibu-ibu mereka. Dan orang-orang yang mempunyai hubungan darah satu sama lain lebih berhak (waris-mewarisi) di dalam Kitab Allah daripada orang-orang mukmim dan orang-orang Muhajirin, kecuali kalau kamu mau berbuat baik  kepada saudara-saudaramu (seagama). Adalah yang demikian itu telah tertulis di dalam Kitab (Allah).","Nabi itu lebih utama bagi orang-orang mukmin dibandingkan diri mereka sendiri dan istri-istrinya adalah ibu-ibu mereka. Orang-orang yang mempunyai hubungan darah satu sama lain lebih berhak (waris-mewarisi) di dalam Kitab Allah daripada orang-orang mukmin dan orang-orang Muhajirin, kecuali kalau kamu hendak berbuat baik kepada saudara-saudaramu (seagama). Demikianlah telah tertulis dalam Kitab (Allah).","Nabi adalah yang pertama dalam bahasa percaya diri mereka sendiri, dan ibunya adalah ibu mereka. Tuhan adalah di antara orang -orang percaya dan orang -orang yang tidak melakukannya"
7,وَإِذْ أَخَذْنَا مِنَ ٱلنَّبِيِّـۧنَ مِيثَـٰقَهُمْ وَمِنكَ وَمِن نُّوحٍ وَإِبْرَٰهِيمَ وَمُوسَىٰ وَعِيسَى ٱبْنِ مَرْيَمَ ۖ وَأَخَذْنَا مِنْهُم مِّيثَـٰقًا غَلِيظًا,"Dan (ingatlah) ketika Kami mengambil perjanjian dari nabi-nabi dan dari kamu (sendiri) dari Nūḥ, Ibrāhīm, Musa, dan ʻIsa putra Maryam, dan Kami telah mengambil dari mereka perjanjian yang teguh ,","Dan (ingatlah) ketika Kami mengambil perjanjian dari para nabi dan dari engkau (sendiri), dari Nuh, Ibrahim, Musa dan Isa putra Maryam, dan Kami telah mengambil dari mereka perjanjian yang teguh,","Dan ketika kami mengambil dari para nabi, mereka adalah jalan mereka, dan dari Anda, dan dari Nuh, Abraham, Musa, dan Issa, putra Maria, dan kami telah mengambil dari kami."
8,لِّيَسْـَٔلَ ٱلصَّـٰدِقِينَ عَن صِدْقِهِمْ ۚ وَأَعَدَّ لِلْكَـٰفِرِينَ عَذَابًا أَلِيمًا,agar Dia menanyakan kepada orang-orang yang benar tentang kebenaran mereka  dan Dia menyediakan bagi orang-orang kafir siksa yang pedih.,agar Dia menanyakan kepada orang-orang yang benar tentang kebenaran mereka. Dia menyediakan azab yang pedih bagi orang-orang kafir.,Tidak ada kejujuran ۚ dan saya berjanji kepada mereka yang toleransi kosong
9,يَـٰٓأَيُّهَا ٱلَّذِينَ ءَامَنُوا۟ ٱذْكُرُوا۟ نِعْمَةَ ٱللَّهِ عَلَيْكُمْ إِذْ جَآءَتْكُمْ جُنُودٌ فَأَرْسَلْنَا عَلَيْهِمْ رِيحًا وَجُنُودًا لَّمْ تَرَوْهَا ۚ وَكَانَ ٱللَّهُ بِمَا تَعْمَلُونَ بَصِيرًا,"Hai orang-orang yang beriman, ingatlah akan nikmat Allah (yang telah dikaruniakan) kepadamu ketika datang kepadamu tentara-tentara, lalu Kami kirimkan kepada mereka angin topan dan tentara yang tidak dapat kamu melihatnya .  Dan adalah Allah Maha Melihat akan apa yang kamu kerjakan.","Wahai orang-orang yang beriman! Ingatlah akan nikmat Allah (yang telah dikaruniakan) kepadamu ketika bala tentara datang kepadamu, lalu Kami kirimkan kepada mereka angin topan dan bala tentara yang tidak dapat terlihat olehmu. Allah Maha Melihat apa yang kamu kerjakan.","O, mereka yang percaya, ingat rahmat Tuhan kepada Anda, ketika Anda mendatangi Anda, kegilaan Tuhan adalah apa yang Anda lakukan dalam penglihatan"
10,إِذْ جَآءُوكُم مِّن فَوْقِكُمْ وَمِنْ أَسْفَلَ مِنكُمْ وَإِذْ زَاغَتِ ٱلْأَبْصَـٰرُ وَبَلَغَتِ ٱلْقُلُوبُ ٱلْحَنَاجِرَ وَتَظُنُّونَ بِٱللَّهِ ٱلظُّنُونَا۠,"(Yaitu) ketika mereka datang kepadamu dari atas dan dari bawahmu dan ketika tidak tetap lagi penglihatan(mu) dan hatimu naik menyesak sampai ke tenggorokan  , dan kamu menyangka terhadap Allah dengan bermacam-macam purbasangka.","(Yaitu) ketika mereka datang kepadamu dari atas dan dari bawahmu, dan ketika penglihatan(mu) terpana dan hatimu menyesak sampai ke tenggorokan dan kamu berprasangka yang bukan-bukan terhadap Allah.","Jika Anda berasal dari usia Anda dan dari dasar Anda, dan ketika para penatua kewalahan, hati diberitahu tentang hati"
11,هُنَالِكَ ٱبْتُلِىَ ٱلْمُؤْمِنُونَ وَزُلْزِلُوا۟ زِلْزَالًا شَدِيدًا,Di situlah diuji orang-orang mukmin dan digoncangkan (hatinya) dengan goncangan yang sangat.,Disitulah diuji orang-orang mukmin dan digoncangkan (hatinya) dengan goncangan yang dahsyat.,"Inilah orang percaya, dan mereka akan hilang."
12,وَإِذْ يَقُولُ ٱلْمُنَـٰفِقُونَ وَٱلَّذِينَ فِى قُلُوبِهِم مَّرَضٌ مَّا وَعَدَنَا ٱللَّهُ وَرَسُولُهُۥٓ إِلَّا غُرُورًا,"Dan (ingatlah) ketika orang-orang munafik dan orang-orang yang berpenyakit dalam hatinya berkata, ""Allah dan rasul-Nya tidak menjanjikan kepada kami, melainkan tipu daya"".","Dan (ingatlah) ketika orang-orang munafik dan orang-orang yang hatinya berpenyakit berkata, ""Yang dijanjikan Allah dan Rasul-Nya kepada kami hanya tipu daya belaka.""",Dan ketika mereka berkata kepada mereka yang ada di hati mereka dan mereka yang ada di hati mereka
13,وَإِذْ قَالَت طَّآئِفَةٌ مِّنْهُمْ يَـٰٓأَهْلَ يَثْرِبَ لَا مُقَامَ لَكُمْ فَٱرْجِعُوا۟ ۚ وَيَسْتَـْٔذِنُ فَرِيقٌ مِّنْهُمُ ٱلنَّبِىَّ يَقُولُونَ إِنَّ بُيُوتَنَا عَوْرَةٌ وَمَا هِىَ بِعَوْرَةٍ ۖ إِن يُرِيدُونَ إِلَّا فِرَارًا,"Dan (ingatlah) ketika segolongan di antara mereka berkata, ""Hai penduduk Yaṡrib (Madinah), tidak ada tempat bagimu, maka kembalilah kamu"".  Dan sebagian dari mereka minta izin kepada nabi (untuk kembali pulang) dengan berkata, ""Sesungguhnya rumah-rumah kami terbuka (tidak ada penjaga)"". Dan rumah-rumah itu sekali-kali tidak terbuka, mereka tidak lain hanya hendak lari.","Dan (ingatlah) ketika segolongan di antara mereka berkata, ""Wahai penduduk Yasrib (Madinah)! Tidak ada tempat bagimu, maka kembalilah kamu."" Dan sebagian dari mereka meminta izin kepada Nabi (untuk kembali pulang) dengan berkata, ""Sesungguhnya rumah-rumah kami terbuka (tidak ada penjaga)."" Padahal rumah-rumah itu tidak terbuka, mereka hanyalah hendak lari.","Dan ketika salah satu dari mereka berkata, “Dia akan dibesarkan, tidak ada tempat untuk Anda, jadi kembalikan ۚ dan Anda akan menjadi teman mereka. Dan apa itu dengan NAAFRA 😂 jika mereka hanya ingin orang benar benar"
14,وَلَوْ دُخِلَتْ عَلَيْهِم مِّنْ أَقْطَارِهَا ثُمَّ سُئِلُوا۟ ٱلْفِتْنَةَ لَـَٔاتَوْهَا وَمَا تَلَبَّثُوا۟ بِهَآ إِلَّا يَسِيرًا,"Kalau (Yaṡrib) diserang dari segala penjuru, kemudian diminta kepada mereka supaya murtad , niscaya mereka mengerjakannya dan mereka tiada akan menunda untuk murtad itu, melainkan dalam waktu yang singkat.","Dan kalau (Yasrib) diserang dari segala penjuru, dan mereka diminta agar membuat kekacauan, niscaya mereka mengerjakannya; dan hanya sebentar saja mereka menunggu.","Dan jika mereka dimasukkan dari mereka dari jarak, maka mereka diminta, dan mereka tidak akan."
15,وَلَقَدْ كَانُوا۟ عَـٰهَدُوا۟ ٱللَّهَ مِن قَبْلُ لَا يُوَلُّونَ ٱلْأَدْبَـٰرَ ۚ وَكَانَ عَهْدُ ٱللَّهِ مَسْـُٔولًا,"Dan sesungguhnya mereka sebelum itu telah berjanji kepada Allah, ""Mereka tidak akan berbalik ke belakang (mundur)"".  Dan adalah perjanjian dengan Allah akan diminta pertanggunganjawabnya.","Dan sungguh, mereka sebelum itu telah berjanji kepada Allah, tidak akan berbalik ke belakang (mundur). Dan perjanjian dengan Allah akan diminta pertanggung jawabannya.",Dan mereka adalah yang terbaik dari Allah sebelum mereka tidak mempelajari literatur ۚ dan perjanjian
16,قُل لَّن يَنفَعَكُمُ ٱلْفِرَارُ إِن فَرَرْتُم مِّنَ ٱلْمَوْتِ أَوِ ٱلْقَتْلِ وَإِذًا لَّا تُمَتَّعُونَ إِلَّا قَلِيلًا,"Katakanlah, ""Lari itu sekali-kali tidaklah berguna bagimu, jika kamu melarikan diri dari kematian atau pembunuhan dan jika (kamu terhindar dari kematian) kamu tidak juga akan mengecap kesenangan, kecuali sebentar saja"".","Katakanlah (Muhammad), ""Lari tidaklah berguna bagimu, jika kamu melarikan diri dari kematian atau pembunuhan, dan jika demikian (kamu terhindar dari kematian) kamu hanya akan mengecap kesenangan sebentar saja.""","Katakan: lari tidak akan menguntungkan Anda, jika Anda mengusir Anda dari kematian atau membunuh, dan jika Anda hanya bisa menikmati sedikit"
17,قُلْ مَن ذَا ٱلَّذِى يَعْصِمُكُم مِّنَ ٱللَّهِ إِنْ أَرَادَ بِكُمْ سُوٓءًا أَوْ أَرَادَ بِكُمْ رَحْمَةً ۚ وَلَا يَجِدُونَ لَهُم مِّن دُونِ ٱللَّهِ وَلِيًّا وَلَا نَصِيرًا,"Katakanlah, ""Siapakah yang dapat melindungi kamu dari (takdir) Allah jika Dia menghendaki bencana atasmu atau menghendaki rahmat untuk dirimu?"" Dan orang-orang munafik itu tidak memperoleh bagi mereka pelindung dan penolong selain Allah.","Katakanlah, ""Siapakah yang dapat melindungi kamu dari (ketentuan) Allah jika Dia menghendaki bencana atasmu atau menghendaki rahmat untuk dirimu?"" Mereka itu tidak akan mendapatkan pelindung dan penolong selain Allah.","Katakan: Siapa pun yang tidak mematuhi Anda dari Tuhan, jika Dia menginginkan Anda bersama atau menginginkan belas kasihan kepada Anda ۚ dan mereka tidak menemukannya tanpa ada yang"
18,۞ قَدْ يَعْلَمُ ٱللَّهُ ٱلْمُعَوِّقِينَ مِنكُمْ وَٱلْقَآئِلِينَ لِإِخْوَٰنِهِمْ هَلُمَّ إِلَيْنَا ۖ وَلَا يَأْتُونَ ٱلْبَأْسَ إِلَّا قَلِيلًا,"Sesungguhnya Allah mengetahui orang-orang yang menghalang-halangi di antara kamu dan orang-orang yang berkata kepada saudara-saudaranya, ""Marilah kepada kami"".  Dan mereka tidak mendatangi peperangan, melainkan sebentar.","Sungguh, Allah mengetahui orang-orang yang menghalang-halangi di antara kamu dan orang yang berkata kepada saudara-saudaranya, ""Marilah bersama kami."" Tetapi mereka datang berperang hanya sebentar,","۞ Tuhan telah mengetahui dari Anda dan mereka yang untuk saudara -saudaranya, yang bukan untuk kita."
19,أَشِحَّةً عَلَيْكُمْ ۖ فَإِذَا جَآءَ ٱلْخَوْفُ رَأَيْتَهُمْ يَنظُرُونَ إِلَيْكَ تَدُورُ أَعْيُنُهُمْ كَٱلَّذِى يُغْشَىٰ عَلَيْهِ مِنَ ٱلْمَوْتِ ۖ فَإِذَا ذَهَبَ ٱلْخَوْفُ سَلَقُوكُم بِأَلْسِنَةٍ حِدَادٍ أَشِحَّةً عَلَى ٱلْخَيْرِ ۚ أُو۟لَـٰٓئِكَ لَمْ يُؤْمِنُوا۟ فَأَحْبَطَ ٱللَّهُ أَعْمَـٰلَهُمْ ۚ وَكَانَ ذَٰلِكَ عَلَى ٱللَّهِ يَسِيرًا,"Mereka bakhil terhadapmu, apabila datang ketakutan (bahaya), kamu lihat mereka itu memandang kepadamu dengan mata yang terbalik-balik seperti orang yang pingsan karena akan mati, dan apabila ketakutan telah hilang, mereka mencaci kamu dengan lidah yang tajam, sedang mereka bakhil untuk berbuat kebaikan.  Mereka itu tidak beriman, maka Allah menghapuskan (pahala) amalnya.  Dan yang demikian itu adalah mudah bagi Allah.","mereka kikir terhadapmu. Apabila datang ketakutan (bahaya), kamu lihat mereka itu memandang kepadamu dengan mata yang terbalik-balik seperti orang yang pingsan karena akan mati, dan apabila ketakutan telah hilang, mereka mencaci kamu dengan lidah yang tajam, sedang mereka kikir untuk berbuat kebaikan. Mereka itu tidak beriman, maka Allah menghapus amalnya. Dan yang demikian itu mudah bagi Allah.","Diam padamu 😂 Jadi ketika ketakutan datang kepadamu, kamu melihat mereka memandangmu, mata mereka akan menjadi seperti mereka yang tertipu olehnya. Ketakutan, kedamaian berada di atas Anda, dengan tahun yang berdedikasi, yang jelas bagi kebaikan. Memfasilitasi"
20,يَحْسَبُونَ ٱلْأَحْزَابَ لَمْ يَذْهَبُوا۟ ۖ وَإِن يَأْتِ ٱلْأَحْزَابُ يَوَدُّوا۟ لَوْ أَنَّهُم بَادُونَ فِى ٱلْأَعْرَابِ يَسْـَٔلُونَ عَنْ أَنۢبَآئِكُمْ ۖ وَلَوْ كَانُوا۟ فِيكُم مَّا قَـٰتَلُوٓا۟ إِلَّا قَلِيلًا,"Mereka mengira (bahwa) golongan-golongan yang bersekutu itu belum pergi dan jika golongan-golongan yang bersekutu itu datang kembali, niscaya mereka ingin berada di dusun-dusun bersama-sama orang Arab Badui, sambil menanya-nanyakan tentang berita-beritamu.  Dan sekiranya mereka berada bersama kamu, mereka tidak akan berperang, melainkan sebentar saja.","Mereka mengira (bahwa) golongan-golongan (yang bersekutu) itu belum pergi, dan jika golongan-golongan (yang bersekutu) itu datang kembali, niscaya mereka ingin berada di dusun-dusun bersama-sama orang Arab Badui, sambil menanyakan berita tentang kamu. Dan sekiranya mereka berada bersamamu, mereka tidak akan berperang, melainkan sebentar saja.","Mereka menghitung partai, dan mereka tidak pergi ke mereka. Mereka adalah apa yang mereka lakukan, kecuali beberapa"
21,لَّقَدْ كَانَ لَكُمْ فِى رَسُولِ ٱللَّهِ أُسْوَةٌ حَسَنَةٌ لِّمَن كَانَ يَرْجُوا۟ ٱللَّهَ وَٱلْيَوْمَ ٱلْـَٔاخِرَ وَذَكَرَ ٱللَّهَ كَثِيرًا,Sesungguhnya telah ada pada (diri) Rasulullah itu suri teladan yang baik bagimu (yaitu) bagi orang yang mengharap (rahmat) Allah dan (kedatangan) hari kiamat dan dia banyak menyebut Allah.,"Sungguh, telah ada pada (diri) Rasulullah itu suri teladan yang baik bagimu (yaitu) bagi orang yang mengharap (rahmat) Allah dan (kedatangan) hari Kiamat dan yang banyak mengingat Allah.","Anda telah berada di utusan Tuhan, tingkat yang baik dari mereka yang diharapkan untuk Tuhan dan hari itu, dan kenangan Tuhan"
22,وَلَمَّا رَءَا ٱلْمُؤْمِنُونَ ٱلْأَحْزَابَ قَالُوا۟ هَـٰذَا مَا وَعَدَنَا ٱللَّهُ وَرَسُولُهُۥ وَصَدَقَ ٱللَّهُ وَرَسُولُهُۥ ۚ وَمَا زَادَهُمْ إِلَّآ إِيمَـٰنًا وَتَسْلِيمًا,"Dan tatkala orang-orang mukmin melihat golongan-golongan yang bersekutu itu, mereka berkata, ""Inilah yang dijanjikan Allah dan rasul-Nya  kepada kita"".  Dan benarlah Allah dan rasul-Nya.  Dan yang demikian itu, tidaklah menambah kepada mereka, kecuali iman dan ketundukan.","Dan ketika orang-orang mukmin melihat golongan-golongan (yang bersekutu) itu, mereka berkata, ""Inilah yang dijanjikan Allah dan Rasul-Nya kepada kita."" Dan benarlah Allah dan Rasul-Nya. Dan yang demikian itu menambah keimanan dan keislaman mereka.","Dan ketika orang -orang percaya dilihat oleh partai -partai, mereka berkata, “Inilah yang Tuhan dan Utusan -Nya menjanjikan kita dan ketulusan Allah dan Utusan Allah dan Utusan Allah"
23,مِّنَ ٱلْمُؤْمِنِينَ رِجَالٌ صَدَقُوا۟ مَا عَـٰهَدُوا۟ ٱللَّهَ عَلَيْهِ ۖ فَمِنْهُم مَّن قَضَىٰ نَحْبَهُۥ وَمِنْهُم مَّن يَنتَظِرُ ۖ وَمَا بَدَّلُوا۟ تَبْدِيلًا,"Di antara orang-orang mukmin itu, ada orang-orang yang menepati apa yang telah mereka janjikan kepada Allah, maka di antara mereka ada yang gugur.  Dan di antara mereka, ada (pula) yang menunggu-nunggu dan mereka tidak mengubah (janjinya),","Di antara orang-orang mukmin itu ada orang-orang yang menepati apa yang telah mereka janjikan kepada Allah. Dan di antara mereka ada yang gugur, dan di antara mereka ada (pula) yang menunggu-nunggu dan mereka sedikit pun tidak mengubah (janjinya),","Dari orang -orang percaya, manusia percaya apa yang telah mereka pandu, Tuhan memberkati dia."
24,لِّيَجْزِىَ ٱللَّهُ ٱلصَّـٰدِقِينَ بِصِدْقِهِمْ وَيُعَذِّبَ ٱلْمُنَـٰفِقِينَ إِن شَآءَ أَوْ يَتُوبَ عَلَيْهِمْ ۚ إِنَّ ٱللَّهَ كَانَ غَفُورًا رَّحِيمًا,"supaya Allah memberikan balasan kepada orang-orang yang benar itu karena kebenarannya dan menyiksa orang munafik, jika dikehendaki-Nya atau menerima tobat mereka.  Sesungguhnya Allah adalah Maha Pengampun lagi Maha Penyayang.","agar Allah memberikan balasan kepada orang-orang yang benar itu karena kebenarannya, dan mengazab orang munafik jika Dia kehendaki, atau menerima tobat mereka. Sungguh, Allah Maha Pengampun, Maha Penyayang.",Semoga Tuhan memberi penghargaan kepada diri mereka sendiri dengan kejujuran dan menyiksa mereka yang secara konsisten jika dia mau atau bertobat kepada mereka.
25,وَرَدَّ ٱللَّهُ ٱلَّذِينَ كَفَرُوا۟ بِغَيْظِهِمْ لَمْ يَنَالُوا۟ خَيْرًا ۚ وَكَفَى ٱللَّهُ ٱلْمُؤْمِنِينَ ٱلْقِتَالَ ۚ وَكَانَ ٱللَّهُ قَوِيًّا عَزِيزًا,"Dan Allah menghalau orang-orang yang kafir itu yang keadaan mereka penuh kejengkelan, (lagi) mereka tidak memperoleh keuntungan apa pun.  Dan Allah menghindarkan orang-orang mukmin dari peperangan .  Dan adalah Allah Maha Kuat lagi Maha Perkasa.","Dan Allah menghalau orang-orang kafir itu yang mereka penuh memendam kejengkelan, karena mereka (juga) tidak memperoleh keuntungan apa pun. Cukuplah Allah (yang menolong) menghindarkan orang-orang mukmin dalam peperangan. Dan Allah Mahakuat, Mahaperkasa.","Dan tanggapan Tuhan, mereka yang tidak percaya dengan kemarahan mereka, dan mereka tidak menjadi baik."
26,وَأَنزَلَ ٱلَّذِينَ ظَـٰهَرُوهُم مِّنْ أَهْلِ ٱلْكِتَـٰبِ مِن صَيَاصِيهِمْ وَقَذَفَ فِى قُلُوبِهِمُ ٱلرُّعْبَ فَرِيقًا تَقْتُلُونَ وَتَأْسِرُونَ فَرِيقًا,Dan Dia menurunkan orang-orang ahli kitab (Bani Qurayẓah) yang membantu golongan-golongan yang bersekutu dari benteng-benteng mereka dan Dia memasukkan rasa takut ke dalam hati mereka. Sebagian mereka kamu bunuh dan sebagian yang lain kamu tawan .,"Dan Dia menurunkan orang-orang Ahli Kitab (Bani Quraiẓah) yang membantu mereka (golongan-golongan yang bersekutu) dari benteng-benteng mereka, dan Dia memasukkan rasa takut ke dalam hati mereka. Sebagian mereka kamu bunuh dan sebagian yang lain kamu tawan.","Dan mereka yang tidak adil dari orang -orang dari orang -orang dari kehendak mereka dan memfitnah di hati mereka di hati mereka, sekelompok orang yang membunuh dan membunuh dan membunuh dan membunuh dan dibunuh"
27,وَأَوْرَثَكُمْ أَرْضَهُمْ وَدِيَـٰرَهُمْ وَأَمْوَٰلَهُمْ وَأَرْضًا لَّمْ تَطَـُٔوهَا ۚ وَكَانَ ٱللَّهُ عَلَىٰ كُلِّ شَىْءٍ قَدِيرًا,"Dan Dia mewariskan kepada kamu tanah-tanah, rumah-rumah, dan harta benda mereka, dan (begitu pula) tanah yang belum kamu injak .  Dan adalah Allah Maha Kuasa terhadap segala sesuatu.","Dan Dia mewariskan kepadamu tanah-tanah, rumah-rumah dan harta benda mereka, dan (begitu pula) tanah yang belum kamu injak. Dan Allah Mahakuasa terhadap segala sesuatu.","Dan saya akan mewarisi mereka, penyakit mereka, penderitaan mereka, dan tanah mereka, dan tanah yang tidak Anda miliki."
28,يَـٰٓأَيُّهَا ٱلنَّبِىُّ قُل لِّأَزْوَٰجِكَ إِن كُنتُنَّ تُرِدْنَ ٱلْحَيَوٰةَ ٱلدُّنْيَا وَزِينَتَهَا فَتَعَالَيْنَ أُمَتِّعْكُنَّ وَأُسَرِّحْكُنَّ سَرَاحًا جَمِيلًا,"Hai Nabi, katakanlah kepada istri-istrimu, ""Jika kamu sekalian mengingini kehidupan dunia dan perhiasannya, maka marilah supaya kuberikan kepadamu mutah dan aku ceraikan kamu dengan cara yang baik.","Wahai Nabi! Katakanlah kepada istri-istrimu, ""Jika kamu menginginkan kehidupan di dunia dan perhiasannya, maka kemarilah agar kuberikan kepadamu mut'ah dan aku ceraikan kamu dengan cara yang baik.""","Oh, nabi, katakan bahwa Anda akan diberkati, jika Anda menginginkan kehidupan dunia ini, dan perhiasannya, sehingga Anda akan diberkati, dan Anda akan diberkati, dan Anda akan diberkati."
29,وَإِن كُنتُنَّ تُرِدْنَ ٱللَّهَ وَرَسُولَهُۥ وَٱلدَّارَ ٱلْـَٔاخِرَةَ فَإِنَّ ٱللَّهَ أَعَدَّ لِلْمُحْسِنَـٰتِ مِنكُنَّ أَجْرًا عَظِيمًا,"Dan jika kamu sekalian menghendaki (keridaan) Allah dan rasulnya-Nya serta (kesenangan) di negeri akhirat, maka sesungguhnya Allah menyediakan bagi siapa yang berbuat baik di antaramu pahala yang besar.","Dan jika kamu menginginkan Allah dan Rasul-Nya dan negeri akhirat, maka sesungguhnya Allah menyediakan pahala yang besar bagi siapa yang berbuat baik diantara kamu.","Dan jika Anda menginginkan Tuhan dan utusan -Nya dan rumah mewah, maka Tuhan dianggap sebagai yang terbaik dari Anda"
30,يَـٰنِسَآءَ ٱلنَّبِىِّ مَن يَأْتِ مِنكُنَّ بِفَـٰحِشَةٍ مُّبَيِّنَةٍ يُضَـٰعَفْ لَهَا ٱلْعَذَابُ ضِعْفَيْنِ ۚ وَكَانَ ذَٰلِكَ عَلَى ٱللَّهِ يَسِيرًا,"Hai istri-istri nabi, siapa-siapa di antaramu yang mengerjakan perbuatan keji yang nyata, niscaya akan dilipatgandakan siksaan kepada mereka dua kali lipat.  Dan adalah yang demikian itu mudah bagi Allah.","Wahai istri-istri Nabi! Barangsiapa di antara kamu yang mengerjakan perbuatan keji yang nyata, niscaya azabnya akan dilipatgandakan dua kali lipat kepadanya. Dan yang demikian itu, mudah bagi Allah.","Kami melupakan Nabi yang datang dari Anda dengan siksaan yang jelas, jelas,"
31,۞ وَمَن يَقْنُتْ مِنكُنَّ لِلَّهِ وَرَسُولِهِۦ وَتَعْمَلْ صَـٰلِحًا نُّؤْتِهَآ أَجْرَهَا مَرَّتَيْنِ وَأَعْتَدْنَا لَهَا رِزْقًا كَرِيمًا,"Dan barang siapa di antara kamu sekalian (istri-istri nabi) tetap taat kepada Allah dan rasul-Nya dan mengerjakan amal yang saleh, niscaya Kami memberikan kepadanya pahala dua kali lipat dan Kami sediakan baginya rezeki yang mulia.","Dan barangsiapa di antara kamu (istri-istri Nabi) tetap taat kepada Allah dan Rasul-Nya dan mengerjakan kebajikan, niscaya Kami berikan pahala kepadanya dua kali lipat dan Kami sediakan rezeki yang mulia baginya.","۞ Dan siapa pun yang dikuasai oleh Tuhan dan utusan -Nya, dan melakukan tamunya, hadiahnya dua kali, dan kita terbiasa sebagai rezeki yang baik"
32,يَـٰنِسَآءَ ٱلنَّبِىِّ لَسْتُنَّ كَأَحَدٍ مِّنَ ٱلنِّسَآءِ ۚ إِنِ ٱتَّقَيْتُنَّ فَلَا تَخْضَعْنَ بِٱلْقَوْلِ فَيَطْمَعَ ٱلَّذِى فِى قَلْبِهِۦ مَرَضٌ وَقُلْنَ قَوْلًا مَّعْرُوفًا,"Hai istri-istri nabi, kamu sekalian tidaklah seperti wanita yang lain, jika kamu bertakwa.  Maka janganlah kamu tunduk  dalam berbicara sehingga berkeinginanlah orang yang ada penyakit dalam hatinya  , dan ucapkanlah perkataan yang baik,","Wahai istri-istri Nabi! Kamu tidak seperti perempuan-perempuan yang lain, jika kamu bertakwa. Maka janganlah kamu tunduk (melemah lembutkan suara) dalam berbicara sehingga bangkit nafsu orang yang ada penyakit dalam hatinya, dan ucapkanlah perkataan yang baik,",Nabi tidak sebagus salah satu wanita. Pepatah yang Diketahui dengan Baik
33,وَقَرْنَ فِى بُيُوتِكُنَّ وَلَا تَبَرَّجْنَ تَبَرُّجَ ٱلْجَـٰهِلِيَّةِ ٱلْأُولَىٰ ۖ وَأَقِمْنَ ٱلصَّلَوٰةَ وَءَاتِينَ ٱلزَّكَوٰةَ وَأَطِعْنَ ٱللَّهَ وَرَسُولَهُۥٓ ۚ إِنَّمَا يُرِيدُ ٱللَّهُ لِيُذْهِبَ عَنكُمُ ٱلرِّجْسَ أَهْلَ ٱلْبَيْتِ وَيُطَهِّرَكُمْ تَطْهِيرًا,"dan hendaklah kamu tetap di rumahmu , dan janganlah kamu berhias dan bertingkah laku seperti orang-orang Jahiliah yang dahulu , dan dirikanlah salat, tunaikanlah zakat, dan taatilah Allah dan rasul-Nya.  Sesungguhnya Allah bermaksud hendak menghilangkan dosa dari kamu, Hai Ahlulbait  dan membersihkan kamu sebersih-bersihnya.","Dan hendaklah kamu tetap di rumahmu dan janganlah kamu berhias dan (bertingkah laku) seperti orang-orang jahiliah dahulu, dan laksanakanlah salat, tunaikanlah zakat dan taatilah Allah dan Rasul-Nya. Sesungguhnya Allah bermaksud hendak menghilangkan dosa dari kamu, wahai ahlulbait dan membersihkan kamu sebersih-bersihnya.","Dan Anda berada di rumah Anda, dan jangan putus asa. Dan utusannya ۚ Dia hanya ingin Tuhan pergi dari Anda, orang -orang di rumah, dan memurnikan Anda"
34,وَٱذْكُرْنَ مَا يُتْلَىٰ فِى بُيُوتِكُنَّ مِنْ ءَايَـٰتِ ٱللَّهِ وَٱلْحِكْمَةِ ۚ إِنَّ ٱللَّهَ كَانَ لَطِيفًا خَبِيرًا,Dan ingatlah apa yang dibacakan di rumahmu dari ayat-ayat Allah dan hikmah (sunah nabimu). Sesungguhnya Allah adalah Maha Lembut lagi Maha Mengetahui.,"Dan ingatlah apa yang dibacakan di rumahmu dari ayat-ayat Allah dan hikmah (sunah Nabimu). Sungguh, Allah Mahalembut, Maha Mengetahui.",Dan ingat apa yang diikuti di rumah Anda dari hari -hari
35,إِنَّ ٱلْمُسْلِمِينَ وَٱلْمُسْلِمَـٰتِ وَٱلْمُؤْمِنِينَ وَٱلْمُؤْمِنَـٰتِ وَٱلْقَـٰنِتِينَ وَٱلْقَـٰنِتَـٰتِ وَٱلصَّـٰدِقِينَ وَٱلصَّـٰدِقَـٰتِ وَٱلصَّـٰبِرِينَ وَٱلصَّـٰبِرَٰتِ وَٱلْخَـٰشِعِينَ وَٱلْخَـٰشِعَـٰتِ وَٱلْمُتَصَدِّقِينَ وَٱلْمُتَصَدِّقَـٰتِ وَٱلصَّـٰٓئِمِينَ وَٱلصَّـٰٓئِمَـٰتِ وَٱلْحَـٰفِظِينَ فُرُوجَهُمْ وَٱلْحَـٰفِظَـٰتِ وَٱلذَّٰكِرِينَ ٱللَّهَ كَثِيرًا وَٱلذَّٰكِرَٰتِ أَعَدَّ ٱللَّهُ لَهُم مَّغْفِرَةً وَأَجْرًا عَظِيمًا,"Sesungguhnya laki-laki dan perempuan yang muslim, laki-laki dan perempuan yang mukmin , laki-laki dan perempuan yang tetap dalam ketaatannya, laki-laki dan perempuan yang benar, laki-laki dan perempuan yang sabar, laki-laki dan perempuan yang khusyuk, laki-laki dan perempuan yang bersedekah, laki-laki dan perempuan yang berpuasa, laki-laki dan perempuan yang memelihara kehormatannya, laki-laki dan perempuan yang banyak menyebut (nama) Allah, Allah telah menyediakan untuk mereka ampunan dan pahala yang besar.","Sungguh, laki-laki dan perempuan muslim, laki-laki dan perempuan mukmin, laki-laki dan perempuan yang tetap dalam ketaatannya, laki-laki dan perempuan yang benar, laki-laki dan perempuan yang sabar, laki-laki dan perempuan yang khusyuk, laki-laki dan perempuan yang bersedekah, laki-laki dan perempuan yang berpuasa, laki-laki dan perempuan yang memelihara kehormatannya, laki-laki dan perempuan yang banyak menyebut (nama) Allah, Allah telah menyediakan untuk mereka ampunan dan pahala yang besar.","For Muslim, Muslim, the believers, the believers, the believers, the two of the people, and the people, and the sins, and the people, And the people, the doors, the people, the people, the people, the charity, the charity, the belief, the belief, the righteousness, the righteous, the righteous, the righteous, the righteous, the righteous, the righteous, the righteous, the righteous, the righteousness, the believing, And Memorizer adalah promosi mereka, memori, dan perbuatan Tuhan, banyak, dan perbuatan adalah yang paling menjanjikan"
36,وَمَا كَانَ لِمُؤْمِنٍ وَلَا مُؤْمِنَةٍ إِذَا قَضَى ٱللَّهُ وَرَسُولُهُۥٓ أَمْرًا أَن يَكُونَ لَهُمُ ٱلْخِيَرَةُ مِنْ أَمْرِهِمْ ۗ وَمَن يَعْصِ ٱللَّهَ وَرَسُولَهُۥ فَقَدْ ضَلَّ ضَلَـٰلًا مُّبِينًا,"Dan tidaklah patut bagi laki-laki yang mukmin dan tidak (pula) bagi perempuan yang mukmin, apabila Allah dan rasul-Nya telah menetapkan suatu ketetapan akan ada bagi mereka pilihan (yang lain) tentang urusan mereka. Dan barang siapa mendurhakai Allah dan rasul-Nya, maka sungguhlah dia telah sesat, sesat yang nyata.","Dan tidaklah pantas bagi laki-laki yang mukmin dan perempuan yang mukmin, apabila Allah dan Rasul-Nya telah menetapkan suatu ketetapan, akan ada pilihan (yang lain) bagi mereka tentang urusan mereka. Dan barangsiapa mendurhakai Allah dan Rasul-Nya, maka sungguh, dia telah tersesat, dengan kesesatan yang nyata.","And it was not a believer, nor a believer, when God and His Messenger are spent, the matter is that they will have the good of them from their command, and whoever is the one who is the one who is the one who is the same Separate"
37,وَإِذْ تَقُولُ لِلَّذِىٓ أَنْعَمَ ٱللَّهُ عَلَيْهِ وَأَنْعَمْتَ عَلَيْهِ أَمْسِكْ عَلَيْكَ زَوْجَكَ وَٱتَّقِ ٱللَّهَ وَتُخْفِى فِى نَفْسِكَ مَا ٱللَّهُ مُبْدِيهِ وَتَخْشَى ٱلنَّاسَ وَٱللَّهُ أَحَقُّ أَن تَخْشَىٰهُ ۖ فَلَمَّا قَضَىٰ زَيْدٌ مِّنْهَا وَطَرًا زَوَّجْنَـٰكَهَا لِكَىْ لَا يَكُونَ عَلَى ٱلْمُؤْمِنِينَ حَرَجٌ فِىٓ أَزْوَٰجِ أَدْعِيَآئِهِمْ إِذَا قَضَوْا۟ مِنْهُنَّ وَطَرًا ۚ وَكَانَ أَمْرُ ٱللَّهِ مَفْعُولًا,"Dan (ingatlah), ketika kamu berkata kepada orang yang Allah telah melimpahkan nikmat kepadanya dan kamu (juga) telah memberi nikmat kepadanya, ""Tahanlah terus istrimu dan bertakwalah kepada Allah"", sedang kamu menyembunyikan di dalam hatimu apa yang Allah akan menyatakannya dan kamu takut kepada manusia, sedang Allah-lah yang lebih berhak untuk kamu takuti.  Maka tatkala Zaid telah mengakhiri keperluan terhadap istrinya (menceraikannya), Kami kawinkan kamu dengan dia  supaya tidak ada keberatan bagi orang mukmin untuk (mengawini) istri-istri anak-anak angkat mereka, apabila anak-anak angkat itu telah menyelesaikan keperluannya daripada istrinya .  Dan adalah ketetapan Allah itu pasti terjadi.","Dan (ingatlah), ketika engkau (Muhammad) berkata kepada orang yang telah diberi nikmat oleh Allah dan engkau (juga) telah memberi nikmat kepadanya, ""Pertahankanlah terus istrimu dan bertakwalah kepada Allah,"" sedang engkau menyembunyikan di dalam hatimu apa yang akan ditampakkan oleh Allah, dan engkau takut kepada manusia, padahal Allah lebih berhak engkau takuti. Maka ketika Zaid telah mengakhiri keperluan terhadap istrinya (menceraikannya), Kami nikahkan engkau dengan dia (Zainab) agar tidak ada keberatan bagi orang mukmin untuk (menikahi) istri-istri anak-anak angkat mereka, apabila anak-anak angkat itu telah menyelesaikan keperluannya terhadap istrinya. Dan ketetapan Allah itu pasti terjadi.","Dan ketika Anda berkata kepada orang yang memberkati Tuhan, dan Anda telah diberkati dengan Anda, suami Anda ada di atas Anda, dan takut akan Tuhan, dan Anda akan takut kepada Tuhan, dan Tuhan memiliki hak untuk takut padanya ۖ ketika ia menghabiskan lebih dari dia dan orang -orang yang bodoh, Anda tidak akan menjadi orang yang efektif, Anda tidak akan memusatkan diri kepada mereka ketika mereka habiskan dari mereka dan orang bodoh ۚ ۚ ۚ ۚ ۚ ۚ ۚ ۚ ۚ ۚ ۚ ۚ ۚ ۚ ۚ ۚ ۚ ۚ ۚ ۚ ۚ ۚ ۚ ۚ ۚ ۚ ۚ"
38,مَّا كَانَ عَلَى ٱلنَّبِىِّ مِنْ حَرَجٍ فِيمَا فَرَضَ ٱللَّهُ لَهُۥ ۖ سُنَّةَ ٱللَّهِ فِى ٱلَّذِينَ خَلَوْا۟ مِن قَبْلُ ۚ وَكَانَ أَمْرُ ٱللَّهِ قَدَرًا مَّقْدُورًا,"Tidak ada suatu keberatanpun atas nabi tentang apa yang telah ditetapkan Allah baginya. (Allah telah menetapkan yang demikian) sebagai sunah-Nya pada nabi-nabi yang telah berlalu dahulu .  Dan adalah ketetapan Allah itu suatu ketetapan yang pasti berlaku,","Tidak ada keberatan apa pun pada Nabi tentang apa yang telah ditetapkan Allah baginya. (Allah telah menetapkan yang demikian) sebagai sunah Allah pada nabi-nabi yang telah terdahulu. Dan ketetapan Allah itu suatu ketetapan yang pasti berlaku,",Apa yang ada pada Nabi dari rasa malu dalam apa yang Tuhan telah memberlakukannya 😂 Sunnah Allah pada mereka yang telah pergi sebelum ۚ dan perintah Allah adalah otoritas
39,ٱلَّذِينَ يُبَلِّغُونَ رِسَـٰلَـٰتِ ٱللَّهِ وَيَخْشَوْنَهُۥ وَلَا يَخْشَوْنَ أَحَدًا إِلَّا ٱللَّهَ ۗ وَكَفَىٰ بِٱللَّهِ حَسِيبًا,(yaitu) orang-orang yang menyampaikan risalah-risalah Allah ; mereka takut kepada-Nya dan mereka tiada merasa takut kepada seorang(pun) selain kepada Allah.  Dan cukuplah Allah sebagai Pembuat Perhitungan.,"(yaitu) orang-orang yang menyampaikan risalah-risalah Allah, mereka takut kepada-Nya dan tidak merasa takut kepada siapa pun selain kepada Allah. Dan cukuplah Allah sebagai pembuat perhitungan.","Mereka yang memberi tahu utusan Tuhan dan takut akan -Nya, dan tidak takut pada siapa pun kecuali Tuhan"
40,مَّا كَانَ مُحَمَّدٌ أَبَآ أَحَدٍ مِّن رِّجَالِكُمْ وَلَـٰكِن رَّسُولَ ٱللَّهِ وَخَاتَمَ ٱلنَّبِيِّـۧنَ ۗ وَكَانَ ٱللَّهُ بِكُلِّ شَىْءٍ عَلِيمًا,"Muhammad itu sekali-kali bukanlah bapak dari seorang laki-laki di antara kamu , tetapi dia adalah Rasulullah dan penutup nabi-nabi.  Dan adalah Allah Maha Mengetahui segala sesuatu.","Muhammad itu bukanlah bapak dari seseorang di antara kamu, tetapi dia adalah utusan Allah dan penutup para nabi. Dan Allah Maha Mengetahui segala sesuatu.","Apapun Muhammad adalah Bapa dari salah satu dari anak buahmu, tetapi Utusan Allah dan kebaikan Nabi ۧ ۗ ۗ ۗ ۗ ۗ ۗ ۗ ۗ ۗ ۗ ۗ ۗ ۗ ۗ ۗ ۗ ۗ ۗ ۗ ۗ ۗ ۗ ۗ ۗ ۗ ۗ ۗ ۗ ۗ ۗ ۗ ۗ ۗ ۗ ۗ ۗ ۗ ۗ ۗ ۗ ۗ ۗ ۗ ۗ ۗ ۗ ۗ ۗ ۗ ۗ ۗ ۗ ۗ ۗ ۗ ۗ ۗ ۗ ۗ ۗ ۗ ۗ ۗ ۗ ۗ ia dan Allah"
41,يَـٰٓأَيُّهَا ٱلَّذِينَ ءَامَنُوا۟ ٱذْكُرُوا۟ ٱللَّهَ ذِكْرًا كَثِيرًا,"Hai orang-orang yang beriman, berzikirlah (dengan menyebut nama) Allah; zikir yang sebanyak-banyaknya.","Wahai orang-orang yang beriman! Ingatlah kepada Allah, dengan mengingat (nama-Nya) sebanyak-banyaknya,","O, mereka yang percaya, ingat Tuhan, banyak kenangan"
42,وَسَبِّحُوهُ بُكْرَةً وَأَصِيلًا,Dan bertasbihlah kepada-Nya pada waktu pagi dan petang.,dan bertasbihlah kepada-Nya pada waktu pagi dan petang.,Dan mereka memujinya
43,هُوَ ٱلَّذِى يُصَلِّى عَلَيْكُمْ وَمَلَـٰٓئِكَتُهُۥ لِيُخْرِجَكُم مِّنَ ٱلظُّلُمَـٰتِ إِلَى ٱلنُّورِ ۚ وَكَانَ بِٱلْمُؤْمِنِينَ رَحِيمًا,"Dia-lah yang memberi rahmat kepadamu dan malaikat-Nya (memohonkan ampunan untukmu), supaya Dia mengeluarkan kamu dari kegelapan kepada cahaya (yang terang).  Dan adalah Dia Maha Penyayang kepada orang-orang yang beriman.","Dialah yang memberi rahmat kepadamu dan para malaikat-Nya (memohonkan ampunan untukmu), agar Dia mengeluarkan kamu dari kegelapan kepada cahaya (yang terang). Dan Dia Maha Penyayang kepada orang-orang yang beriman.",Dia adalah orang yang berdoa kepada Anda dan Rajamu untuk datang kepadamu dari penindasan
44,تَحِيَّتُهُمْ يَوْمَ يَلْقَوْنَهُۥ سَلَـٰمٌ ۚ وَأَعَدَّ لَهُمْ أَجْرًا كَرِيمًا,"Salam penghormatan kepada mereka (orang-orang mukmin itu) pada hari mereka menemui-Nya ialah, ""Salām""   dan Dia menyediakan pahala yang mulia bagi mereka.","Penghormatan mereka (orang-orang mukmin itu) ketika mereka menemui-Nya ialah, ""Salam,"" dan Dia menyediakan pahala yang mulia bagi mereka.",Mereka menyapa mereka pada hari mereka akan diberi kedamaian ۚ dan saya berjanji kepada mereka upah yang murah hati untuk mereka
45,يَـٰٓأَيُّهَا ٱلنَّبِىُّ إِنَّآ أَرْسَلْنَـٰكَ شَـٰهِدًا وَمُبَشِّرًا وَنَذِيرًا,"Hai Nabi, sesungguhnya Kami mengutusmu untuk jadi saksi dan pembawa kabar gembira dan pemberi peringatan,","Wahai Nabi! Sesungguhnya Kami mengutusmu untuk menjadi saksi, pembawa kabar gembira dan pemberi peringatan,","Oh, Nabi, saya mengirimi Anda kesedihan, baik dan peringatan"
46,وَدَاعِيًا إِلَى ٱللَّهِ بِإِذْنِهِۦ وَسِرَاجًا مُّنِيرًا,dan untuk menjadi penyeru kepada agama Allah dengan izin-Nya dan untuk menjadi cahaya yang menerangi.,dan untuk menjadi penyeru kepada (agama) Allah dengan izin-Nya dan sebagai cahaya yang menerangi.,Memanggil Tuhan dengan izin dan cara yang paling cerdas
47,وَبَشِّرِ ٱلْمُؤْمِنِينَ بِأَنَّ لَهُم مِّنَ ٱللَّهِ فَضْلًا كَبِيرًا,Dan sampaikanlah berita gembira kepada orang-orang mukmin bahwa sesungguhnya bagi mereka karunia yang besar dari Allah.,Dan sampaikanlah kabar gembira kepada orang-orang mukmin bahwa sesungguhnya bagi mereka karunia yang besar dari Allah.,Dan berkhotbah kepada orang -orang percaya bahwa mereka memiliki rahmat yang besar.
48,وَلَا تُطِعِ ٱلْكَـٰفِرِينَ وَٱلْمُنَـٰفِقِينَ وَدَعْ أَذَىٰهُمْ وَتَوَكَّلْ عَلَى ٱللَّهِ ۚ وَكَفَىٰ بِٱللَّهِ وَكِيلًا,Dan janganlah kamu menuruti orang-orang yang kafir dan orang-orang munafik itu; janganlah kamu hiraukan gangguan mereka dan bertawakallah kepada Allah.  Dan cukuplah Allah sebagai Pelindung.,"Dan janganlah engkau (Muhammad) menuruti orang-orang kafir dan orang-orang munafik itu, janganlah engkau hiraukan gangguan mereka dan bertawakallah kepada Allah. Dan cukuplah Allah sebagai pelindung.",Jangan mematuhi mereka yang dilupakan dan mereka yang sukses
49,يَـٰٓأَيُّهَا ٱلَّذِينَ ءَامَنُوٓا۟ إِذَا نَكَحْتُمُ ٱلْمُؤْمِنَـٰتِ ثُمَّ طَلَّقْتُمُوهُنَّ مِن قَبْلِ أَن تَمَسُّوهُنَّ فَمَا لَكُمْ عَلَيْهِنَّ مِنْ عِدَّةٍ تَعْتَدُّونَهَا ۖ فَمَتِّعُوهُنَّ وَسَرِّحُوهُنَّ سَرَاحًا جَمِيلًا,"Hai orang-orang yang beriman, apabila kamu menikahi perempuan-perempuan yang beriman, kemudian kamu ceraikan mereka sebelum kamu mencampurinya, maka sekali-sekali tidak wajib atas mereka idah bagimu yang kamu minta menyempurnakannya.  Maka berilah mereka mutah  dan lepaskanlah mereka itu dengan cara yang sebaik-baiknya.","Wahai orang-orang yang beriman! Apabila kamu menikahi perempuan-perempuan mukmin, kemudian kamu ceraikan mereka sebelum kamu mencampurinya maka tidak ada masa idah atas mereka yang perlu kamu perhitungkan. Namun berilah mereka mut'ah dan lepaskanlah mereka itu dengan cara yang sebaik-baiknya.","O, mereka yang aman, ketika Anda menikah dengan orang -orang percaya, maka Anda menceraikan mereka sebelum Anda menyentuh mereka, jadi apa yang ada untuk Anda, dan untuk Anda, dan untuk Anda, untuk Anda mereka menikmatinya, dan mereka adalah tragedi yang indah"
50,يَـٰٓأَيُّهَا ٱلنَّبِىُّ إِنَّآ أَحْلَلْنَا لَكَ أَزْوَٰجَكَ ٱلَّـٰتِىٓ ءَاتَيْتَ أُجُورَهُنَّ وَمَا مَلَكَتْ يَمِينُكَ مِمَّآ أَفَآءَ ٱللَّهُ عَلَيْكَ وَبَنَاتِ عَمِّكَ وَبَنَاتِ عَمَّـٰتِكَ وَبَنَاتِ خَالِكَ وَبَنَاتِ خَـٰلَـٰتِكَ ٱلَّـٰتِى هَاجَرْنَ مَعَكَ وَٱمْرَأَةً مُّؤْمِنَةً إِن وَهَبَتْ نَفْسَهَا لِلنَّبِىِّ إِنْ أَرَادَ ٱلنَّبِىُّ أَن يَسْتَنكِحَهَا خَالِصَةً لَّكَ مِن دُونِ ٱلْمُؤْمِنِينَ ۗ قَدْ عَلِمْنَا مَا فَرَضْنَا عَلَيْهِمْ فِىٓ أَزْوَٰجِهِمْ وَمَا مَلَكَتْ أَيْمَـٰنُهُمْ لِكَيْلَا يَكُونَ عَلَيْكَ حَرَجٌ ۗ وَكَانَ ٱللَّهُ غَفُورًا رَّحِيمًا,"Hai Nabi, sesungguhnya Kami telah menghalalkan bagimu istri-istrimu yang telah kamu berikan mas kawinnya, dan hamba sahaya yang kamu miliki yang termasuk apa yang kamu peroleh dalam peperangan yang dikaruniakan Allah untukmu, dan (demikian pula) anak-anak perempuan dari saudara laki-laki bapakmu, anak-anak perempuan dari saudara perempuan bapakmu, anak-anak perempuan dari saudara laki-laki ibumu, dan anak-anak perempuan dari saudara perempuan ibumu yang turut hijrah bersama kamu, dan perempuan mukmin yang menyerahkan dirinya kepada nabi kalau nabi mau mengawininya sebagai pengkhususan bagimu, bukan untuk semua orang mukmin.  Sesungguhnya Kami telah mengetahui apa yang Kami wajibkan kepada mereka tentang istri-istri mereka dan hamba sahaya yang mereka miliki supaya tidak menjadi kesempitan bagimu.  Dan adalah Allah Maha Pengampun lagi Maha Penyayang.","Wahai Nabi! Sesungguhnya Kami telah menghalalkan bagimu istri-istrimu yang telah engkau berikan maskawinnya dan hamba sahaya yang engkau miliki, termasuk apa yang engkau peroleh dalam peperangan yang dikaruniakan Allah untukmu, dan (demikian pula) anak-anak perempuan dari saudara laki-laki bapakmu, anak-anak perempuan dari saudara perempuan bapakmu, anak-anak perempuan dari saudara laki-laki ibumu dan anak-anak perempuan dari saudara perempuan ibumu yang turut hijrah bersamamu, dan perempuan mukmin yang menyerahkan dirinya kepada Nabi kalau Nabi ingin menikahinya, sebagai kekhususan bagimu, bukan untuk semua orang mukmin. Kami telah mengetahui apa yang Kami wajibkan kepada mereka tentang istri-istri mereka dan hamba sahaya yang mereka miliki agar tidak menjadi kesempitan bagimu. Dan Allah Maha Pengampun, Maha Penyayang.","Oh, nabi, untuk Anda, saya memiliki jiwa Anda, Anda akan senang dengan Anda paman Anda, anak perempuan paman Anda, dan anak perempuan kebaikan Anda, untuk Anda, dan seorang wanita, dan seorang wanita, dan seorang wanita, dan jiwa jiwa jiwa. Ini adalah salah satu dari Anda yang sukses tanpa orang percaya ۗ Kami telah mengajari kami apa yang telah kami paksakan pada mereka pada istri mereka ۗ dan Tuhan adalah pengampunan yang penuh belas kasihan"
51,۞ تُرْجِى مَن تَشَآءُ مِنْهُنَّ وَتُـْٔوِىٓ إِلَيْكَ مَن تَشَآءُ ۖ وَمَنِ ٱبْتَغَيْتَ مِمَّنْ عَزَلْتَ فَلَا جُنَاحَ عَلَيْكَ ۚ ذَٰلِكَ أَدْنَىٰٓ أَن تَقَرَّ أَعْيُنُهُنَّ وَلَا يَحْزَنَّ وَيَرْضَيْنَ بِمَآ ءَاتَيْتَهُنَّ كُلُّهُنَّ ۚ وَٱللَّهُ يَعْلَمُ مَا فِى قُلُوبِكُمْ ۚ وَكَانَ ٱللَّهُ عَلِيمًا حَلِيمًا,"Kamu boleh menangguhkan menggauli siapa yang kamu kehendaki di antara mereka (istri-istrimu) dan (boleh pula) menggauli siapa yang kamu kehendaki.  Dan siapa-siapa yang kamu ingini untuk menggaulinya kembali dari perempuan yang telah kamu cerai, maka tidak ada dosa bagimu.  Yang demikian itu adalah lebih dekat untuk ketenangan hati mereka, dan mereka tidak merasa sedih, dan semuanya rela dengan apa yang telah kamu berikan kepada mereka.  Dan Allah mengetahui apa yang (tersimpan) dalam hatimu.  Dan adalah Allah Maha Mengetahui lagi Maha Penyantun .","Engkau boleh menangguhkan (menggauli) siapa yang engkau kehendaki di antara mereka (para istrimu) dan (boleh pula) menggauli siapa (di antara mereka) yang engkau kehendaki. Dan siapa yang engkau ingini untuk menggaulinya kembali dari istri-istrimu yang telah engkau sisihkan, maka tidak ada dosa bagimu. Yang demikian itu lebih dekat untuk ketenangan hati mereka, dan mereka tidak merasa sedih, dan mereka rela dengan apa yang telah engkau berikan kepada mereka semuanya. Dan Allah mengetahui apa yang (tersimpan) dalam hatimu. Dan Allah Maha Mengetahui, Maha Penyantun.","۞ Anda berharap siapa pun yang Anda inginkan dari mereka, dan Anda akan mendatangi Anda yang Anda inginkan. Mereka adalah mata mereka, dan mereka tidak berduka, dan mereka puas dengan mereka semua. ۚ Dan Tuhan tahu apa yang ada di hatimu"
52,لَّا يَحِلُّ لَكَ ٱلنِّسَآءُ مِنۢ بَعْدُ وَلَآ أَن تَبَدَّلَ بِهِنَّ مِنْ أَزْوَٰجٍ وَلَوْ أَعْجَبَكَ حُسْنُهُنَّ إِلَّا مَا مَلَكَتْ يَمِينُكَ ۗ وَكَانَ ٱللَّهُ عَلَىٰ كُلِّ شَىْءٍ رَّقِيبًا,"Tidak halal bagimu mengawini perempuan-perempuan sesudah itu dan tidak boleh (pula) mengganti mereka dengan istri-istri (yang lain), meskipun kecantikannya menarik hatimu, kecuali perempuan-perempuan (hamba sahaya) yang kamu miliki.  Dan adalah Allah Maha Mengawasi segala sesuatu .","Tidak halal bagimu (Muhammad) menikahi perempuan-perempuan (lain) setelah itu, dan tidak boleh (pula) mengganti mereka dengan istri-istri (yang lain), meskipun kecantikannya menarik hatimu kecuali perempuan-perempuan (hamba sahaya) yang engkau miliki. Dan Allah Maha Mengawasi segala sesuatu.","Tidak diizinkan bagi Anda untuk dilupakan dari Anda, dan tidak mungkin bagi Anda untuk menjadi hantu, dan jika saya menyukai Anda, Anda akan selamat"
53,يَـٰٓأَيُّهَا ٱلَّذِينَ ءَامَنُوا۟ لَا تَدْخُلُوا۟ بُيُوتَ ٱلنَّبِىِّ إِلَّآ أَن يُؤْذَنَ لَكُمْ إِلَىٰ طَعَامٍ غَيْرَ نَـٰظِرِينَ إِنَىٰهُ وَلَـٰكِنْ إِذَا دُعِيتُمْ فَٱدْخُلُوا۟ فَإِذَا طَعِمْتُمْ فَٱنتَشِرُوا۟ وَلَا مُسْتَـْٔنِسِينَ لِحَدِيثٍ ۚ إِنَّ ذَٰلِكُمْ كَانَ يُؤْذِى ٱلنَّبِىَّ فَيَسْتَحْىِۦ مِنكُمْ ۖ وَٱللَّهُ لَا يَسْتَحْىِۦ مِنَ ٱلْحَقِّ ۚ وَإِذَا سَأَلْتُمُوهُنَّ مَتَـٰعًا فَسْـَٔلُوهُنَّ مِن وَرَآءِ حِجَابٍ ۚ ذَٰلِكُمْ أَطْهَرُ لِقُلُوبِكُمْ وَقُلُوبِهِنَّ ۚ وَمَا كَانَ لَكُمْ أَن تُؤْذُوا۟ رَسُولَ ٱللَّهِ وَلَآ أَن تَنكِحُوٓا۟ أَزْوَٰجَهُۥ مِنۢ بَعْدِهِۦٓ أَبَدًا ۚ إِنَّ ذَٰلِكُمْ كَانَ عِندَ ٱللَّهِ عَظِيمًا,"Hai orang-orang yang beriman, janganlah kamu memasuki rumah-rumah nabi, kecuali bila kamu diizinkan untuk makan dengan tidak menunggu-nunggu waktu masak (makanannya) , tetapi jika kamu diundang, maka masuklah dan bila kamu selesai makan, keluarlah kamu tanpa asyik memperpanjang percakapan.  Sesungguhnya yang demikian itu akan mengganggu nabi, lalu nabi malu kepadamu (untuk menyuruh kamu keluar) dan Allah tidak malu (menerangkan) yang benar.  Apabila kamu meminta sesuatu (keperluan) kepada mereka (istri-istri nabi), maka mintalah dari belakang tabir.  Cara yang demikian itu lebih suci bagi hatimu dan hati mereka.  Dan tidak boleh kamu menyakiti (hati) Rasulullah dan tidak (pula) mengawini istri-istrinya selama-lamanya sesudah ia wafat.  Sesungguhnya perbuatan itu adalah amat besar (dosanya) di sisi Allah.","Wahai orang-orang yang beriman! Janganlah kamu memasuki rumah-rumah Nabi kecuali jika kamu diizinkan untuk makan tanpa menunggu waktu masak (makanannya), tetapi jika kamu dipanggil maka masuklah dan apabila kamu selesai makan, keluarlah kamu tanpa memperpanjang percakapan. Sesungguhnya yang demikian itu adalah mengganggu Nabi sehingga dia (Nabi) malu kepadamu (untuk menyuruhmu keluar), dan Allah tidak malu (menerangkan) yang benar. Apabila kamu meminta sesuatu (keperluan) kepada mereka (istri-istri Nabi), maka mintalah dari balik tabir. (Cara) yang demikian itu lebih suci bagi hatimu dan hati mereka. Dan tidak boleh kamu menyakiti (hati) Rasulullah dan tidak boleh (pula) menikahi istri-istrinya selama-lamanya setelahnya (Nabi wafat). Sungguh, yang demikian itu sangat besar (dosanya) di sisi Allah.","O, mereka yang percaya, tidak memasuki rumah -rumah Nabi, kecuali bahwa Anda diberikan kepada Anda kepada makanan orang lain, dan mereka tidak. Jadi masuklah, dan ketika Anda terbiasa, maka sebarkan, dan jangan lupa hadeeth ۚ Jika Anda menyakiti Nabi, maka Nabi berasal dari Anda, dan Nabi berasal dari Anda. Dari kebenaran ۚ dan ketika Anda bertanya kepada mereka, mereka dijual, maka mereka akan berasal dari ritual tabir. Utusan Tuhan, belum menikah"
54,إِن تُبْدُوا۟ شَيْـًٔا أَوْ تُخْفُوهُ فَإِنَّ ٱللَّهَ كَانَ بِكُلِّ شَىْءٍ عَلِيمًا,"Jika kamu melahirkan sesuatu atau menyembunyikannya, maka sesungguhnya Allah adalah Maha Mengetahui segala sesuatu.","Jika kamu menyatakan sesuatu atau menyembunyikannya, maka sesungguhnya Allah Maha Mengetahui segala sesuatu.","Jika Anda tampaknya menjadi sesuatu atau menyembunyikannya, maka Tuhan semuanya berpengetahuan"
55,لَّا جُنَاحَ عَلَيْهِنَّ فِىٓ ءَابَآئِهِنَّ وَلَآ أَبْنَآئِهِنَّ وَلَآ إِخْوَٰنِهِنَّ وَلَآ أَبْنَآءِ إِخْوَٰنِهِنَّ وَلَآ أَبْنَآءِ أَخَوَٰتِهِنَّ وَلَا نِسَآئِهِنَّ وَلَا مَا مَلَكَتْ أَيْمَـٰنُهُنَّ ۗ وَٱتَّقِينَ ٱللَّهَ ۚ إِنَّ ٱللَّهَ كَانَ عَلَىٰ كُلِّ شَىْءٍ شَهِيدًا,"Tidak ada dosa atas istri-istri nabi (untuk berjumpa tanpa tabir) dengan bapak-bapak mereka, anak-anak laki-laki mereka, saudara laki-laki mereka, anak laki-laki dari saudara laki-laki mereka, anak laki-laki dari saudara mereka yang perempuan, perempuan-perempuan yang beriman, dan hamba sahaya yang mereka miliki, dan bertakwalah kamu (hai istri-istri nabi) kepada Allah.  Sesungguhnya Allah Maha Menyaksikan segala sesuatu.","Tidak ada dosa atas istri-istri Nabi (untuk berjumpa tanpa tabir) dengan bapak-bapak mereka, anak laki-laki mereka, saudara laki-laki mereka, anak laki-laki dari saudara laki-laki mereka, anak laki-laki dari saudara perempuan mereka, perempuan-perempuan mereka (yang beriman) dan hamba sahaya yang mereka miliki, dan bertakwalah kamu (istri-istri Nabi) kepada Allah. Sungguh, Allah Maha Menyaksikan segala sesuatu.","Tidak ada lava di dalam diri mereka dalam kebaikan mereka, dan mereka bukan putra mereka, dan mereka adalah saudara mereka, dan mereka adalah putra -putra saudara -saudaranya, dan mereka adalah saudara mereka, mereka adalah wanita mereka, atau apa yang mereka miliki dari iman mereka ۗ dan takut Tuhan ۚ Tuhan pada semua saksi adalah saksi"
56,إِنَّ ٱللَّهَ وَمَلَـٰٓئِكَتَهُۥ يُصَلُّونَ عَلَى ٱلنَّبِىِّ ۚ يَـٰٓأَيُّهَا ٱلَّذِينَ ءَامَنُوا۟ صَلُّوا۟ عَلَيْهِ وَسَلِّمُوا۟ تَسْلِيمًا,"Sesungguhnya Allah dan malaikat-malaikat-Nya berselawat untuk nabi .   Hai orang-orang yang beriman, berselawatlah kamu untuk nabi dan ucapkanlah salam penghormatan kepadanya .",Sesungguhnya Allah dan para malaikat-Nya berselawat untuk Nabi. Wahai orang-orang yang beriman! Berselawatlah kamu untuk Nabi dan ucapkanlah salam dengan penuh penghormatan kepadanya.,"Bagi Tuhan dan Yang Mulia, mereka berdoa untuk Nabi ۚ o mereka yang percaya, semoga Tuhan memberkatinya dan memberinya damai"
57,إِنَّ ٱلَّذِينَ يُؤْذُونَ ٱللَّهَ وَرَسُولَهُۥ لَعَنَهُمُ ٱللَّهُ فِى ٱلدُّنْيَا وَٱلْـَٔاخِرَةِ وَأَعَدَّ لَهُمْ عَذَابًا مُّهِينًا,"Sesungguhnya orang-orang yang menyakiti Allah dan rasul-Nya , Allah akan melaknatinya di dunia dan di akhirat dan menyediakan baginya siksa yang menghinakan.","Sesungguhnya (terhadap) orang-orang yang menyakiti Allah dan Rasul-Nya, Allah akan melaknatnya di dunia dan di akhirat, dan menyediakan azab yang menghinakan bagi mereka.","Bagi mereka yang melukai Tuhan dan utusan -Nya, semoga Tuhan mengutuk mereka di dunia ini, dan menjadi mewah, dan mereka adalah kesulitan bagi mereka"
58,وَٱلَّذِينَ يُؤْذُونَ ٱلْمُؤْمِنِينَ وَٱلْمُؤْمِنَـٰتِ بِغَيْرِ مَا ٱكْتَسَبُوا۟ فَقَدِ ٱحْتَمَلُوا۟ بُهْتَـٰنًا وَإِثْمًا مُّبِينًا,"Dan orang-orang yang menyakiti orang-orang yang mukmin dan mukminat tanpa kesalahan yang mereka perbuat, maka sesungguhnya mereka telah memikul kebohongan dan dosa yang nyata.","Dan orang-orang yang menyakiti orang-orang mukmin laki-laki dan perempuan, tanpa ada kesalahan yang mereka perbuat, maka sungguh, mereka telah memikul kebohongan dan dosa yang nyata.","Dan mereka yang menyakiti orang -orang percaya dan orang -orang percaya, selain dari apa yang telah mereka lepaskan, jadi mereka telah muak"
59,يَـٰٓأَيُّهَا ٱلنَّبِىُّ قُل لِّأَزْوَٰجِكَ وَبَنَاتِكَ وَنِسَآءِ ٱلْمُؤْمِنِينَ يُدْنِينَ عَلَيْهِنَّ مِن جَلَـٰبِيبِهِنَّ ۚ ذَٰلِكَ أَدْنَىٰٓ أَن يُعْرَفْنَ فَلَا يُؤْذَيْنَ ۗ وَكَانَ ٱللَّهُ غَفُورًا رَّحِيمًا,"Hai Nabi, katakanlah kepada istri-istrimu, anak-anak perempuanmu, dan istri-istri orang mukmin, ""Hendaklah mereka mengulurkan jilbabnya  ke seluruh tubuh mereka"".  Yang demikian itu supaya mereka lebih mudah untuk dikenal karena itu mereka tidak diganggu.  Dan Allah adalah Maha Pengampun lagi Maha Penyayang.","Wahai Nabi! Katakanlah kepada istri-istrimu, anak-anak perempuanmu dan istri-istri orang mukmin, ""Hendaklah mereka menutupkan jilbabnya ke seluruh tubuh mereka."" Yang demikian itu agar mereka lebih mudah untuk dikenali, sehingga mereka tidak diganggu. Dan Allah Maha Pengampun, Maha Penyayang.","Oh, Nabi, katakan bahwa putri dan putri Anda, dan para wanita dari orang -orang percaya, akan dikutuk kepada mereka dari Jababah mereka. ۗ Dan Tuhan adalah pengampunan yang penuh belas kasihan"
60,۞ لَّئِن لَّمْ يَنتَهِ ٱلْمُنَـٰفِقُونَ وَٱلَّذِينَ فِى قُلُوبِهِم مَّرَضٌ وَٱلْمُرْجِفُونَ فِى ٱلْمَدِينَةِ لَنُغْرِيَنَّكَ بِهِمْ ثُمَّ لَا يُجَاوِرُونَكَ فِيهَآ إِلَّا قَلِيلًا,"Sesungguhnya jika tidak berhenti orang-orang munafik, orang-orang yang berpenyakit dalam hatinya, dan orang-orang yang menyebarkan kabar bohong di Madinah (dari menyakitimu), niscaya Kami perintahkan kamu (untuk memerangi) mereka, kemudian mereka tidak menjadi tetanggamu (di Madinah), melainkan dalam waktu yang sebentar,","Sungguh, jika orang-orang munafik, orang-orang yang berpenyakit dalam hatinya dan orang-orang yang menyebarkan kabar bohong di Madinah tidak berhenti (dari menyakitimu), niscaya Kami perintahkan engkau (untuk memerangi) mereka, kemudian mereka tidak lagi menjadi tetanggamu (di Madinah) kecuali sebentar,","۞ Dan jika yang tidak berakhir dan mereka yang ada di hati mereka sakit dan orang -orang yang berada di kota kota, kita tidak akan sedikit di masa lalu"
61,مَّلْعُونِينَ ۖ أَيْنَمَا ثُقِفُوٓا۟ أُخِذُوا۟ وَقُتِّلُوا۟ تَقْتِيلًا,"dalam keadaan terlaknat.  Di mana saja mereka dijumpai, mereka ditangkap dan dibunuh dengan sehebat-hebatnya.","dalam keadaan terlaknat. Di mana saja mereka dijumpai, mereka akan ditangkap dan dibunuh tanpa ampun.",Mereka dibuat -buat.
62,سُنَّةَ ٱللَّهِ فِى ٱلَّذِينَ خَلَوْا۟ مِن قَبْلُ ۖ وَلَن تَجِدَ لِسُنَّةِ ٱللَّهِ تَبْدِيلًا,Sebagai sunah Allah yang berlaku atas orang-orang yang telah terdahulu sebelum(mu) dan kamu sekali-kali tiada akan mendapati perubahan pada sunah Allah.,"Sebagai sunnah Allah yang (berlaku juga) bagi orang-orang yang telah terdahulu sebelum(mu), dan engkau tidak akan mendapati perubahan pada sunah Allah.",Sunnah Allah pada mereka yang membuat mereka sebelum sebelum ۖ dan Anda tidak akan menemukan sunnah
63,يَسْـَٔلُكَ ٱلنَّاسُ عَنِ ٱلسَّاعَةِ ۖ قُلْ إِنَّمَا عِلْمُهَا عِندَ ٱللَّهِ ۚ وَمَا يُدْرِيكَ لَعَلَّ ٱلسَّاعَةَ تَكُونُ قَرِيبًا,"Manusia bertanya kepadamu tentang hari berbangkit.  Katakanlah, ""Sesungguhnya pengetahuan tentang hari berbangkit itu hanya di sisi Allah"".  Dan tahukah kamu (hai Muhammad), boleh jadi hari berbangkit itu sudah dekat waktunya.","Manusia bertanya kepadamu (Muhammad) tentang hari Kiamat. Katakanlah, ""Ilmu tentang hari Kiamat itu hanya di sisi Allah."" Dan tahukah engkau, boleh jadi hari Kiamat itu sudah dekat waktunya.",Anda memiliki orang selama jam 😂 mengatakan: itu hanya pengetahuannya tentang Tuhan ۚ dan apa yang dia tahu Anda sehingga jam akan menjadi kedekatan
64,إِنَّ ٱللَّهَ لَعَنَ ٱلْكَـٰفِرِينَ وَأَعَدَّ لَهُمْ سَعِيرًا,"Sesungguhnya Allah melaknati orang-orang kafir dan menyediakan bagi mereka api yang menyala-nyala (neraka),","Sungguh, Allah melaknat orang-orang kafir dan menyediakan bagi mereka api yang menyala-nyala (neraka),",Tuhan telah mengutuk mereka dengan mereka yang bahagia.
65,خَـٰلِدِينَ فِيهَآ أَبَدًا ۖ لَّا يَجِدُونَ وَلِيًّا وَلَا نَصِيرًا,mereka kekal di dalamnya selama-lamanya; mereka tidak memperoleh seorang pelindung pun dan tidak (pula) seorang penolong.,mereka kekal di dalamnya selama-lamanya; mereka tidak akan mendapatkan pelindung dan penolong.,Itu pernah ada di dalamnya.
66,يَوْمَ تُقَلَّبُ وُجُوهُهُمْ فِى ٱلنَّارِ يَقُولُونَ يَـٰلَيْتَنَآ أَطَعْنَا ٱللَّهَ وَأَطَعْنَا ٱلرَّسُولَا۠,"Pada hari ketika muka mereka dibolak-balikan dalam neraka, mereka berkata, ""Alangkah baiknya, andaikata kami taat kepada Allah dan taat (pula) kepada rasul"".","Pada hari (ketika) wajah mereka dibolak-balikkan dalam neraka, mereka berkata, ""Duhai, kiranya dahulu kami taat kepada Allah dan taat (pula) kepada Rasul.""","Hari wajah mereka terbalik dalam api, kata mereka, ya Tuhan, semoga Tuhan memberkati kita dan mematuhi kita."
67,وَقَالُوا۟ رَبَّنَآ إِنَّآ أَطَعْنَا سَادَتَنَا وَكُبَرَآءَنَا فَأَضَلُّونَا ٱلسَّبِيلَا۠,"Dan mereka berkata, ""Ya Tuhan kami, sesungguhnya kami telah menaati pemimpin-pemimpin dan pembesar-pembesar kami, lalu mereka menyesatkan kami dari jalan (yang benar).","Dan mereka berkata, ""Ya Tuhan kami, sesungguhnya kami telah menaati para pemimpin dan para pembesar kami, lalu mereka menyesatkan kami dari jalan (yang benar).","Dan mereka berkata: “Kami telah mematuhi kami dan orang tua kami, jadi kami akan senang dengan kami."
68,رَبَّنَآ ءَاتِهِمْ ضِعْفَيْنِ مِنَ ٱلْعَذَابِ وَٱلْعَنْهُمْ لَعْنًا كَبِيرًا,"Ya Tuhan kami, timpakanlah kepada mereka azab dua kali lipat dan kutuklah mereka dengan kutukan yang besar"".","Ya Tuhan kami, timpakanlah kepada mereka azab dua kali lipat dan laknatlah mereka dengan laknat yang besar.""",Tuan kita lemah dari siksaan dan kutukan mereka luar biasa
69,يَـٰٓأَيُّهَا ٱلَّذِينَ ءَامَنُوا۟ لَا تَكُونُوا۟ كَٱلَّذِينَ ءَاذَوْا۟ مُوسَىٰ فَبَرَّأَهُ ٱللَّهُ مِمَّا قَالُوا۟ ۚ وَكَانَ عِندَ ٱللَّهِ وَجِيهًا,"Hai orang-orang yang beriman, janganlah kamu menjadi seperti orang-orang yang menyakiti Musa; maka Allah membersihkannya dari tuduhan-tuduhan yang mereka katakan. Dan adalah dia seorang yang mempunyai kedudukan terhormat di sisi Allah.","Wahai orang-orang yang beriman! Janganlah kamu seperti orang-orang yang menyakiti Musa, maka Allah membersihkannya dari tuduhan-tuduhan yang mereka lontarkan. Dan dia seorang yang mempunyai kedudukan terhormat di sisi Allah.","O, mereka yang percaya, tidak seperti mereka yang cair"
70,يَـٰٓأَيُّهَا ٱلَّذِينَ ءَامَنُوا۟ ٱتَّقُوا۟ ٱللَّهَ وَقُولُوا۟ قَوْلًا سَدِيدًا,"Hai orang-orang yang beriman, bertakwalah kamu kepada Allah dan katakanlah perkataan yang benar,","Wahai orang-orang yang beriman! Bertakwalah kamu kepada Allah dan ucapkanlah perkataan yang benar,","O, mereka yang percaya, takut pada Tuhan, dan berkata, katakan:"
71,يُصْلِحْ لَكُمْ أَعْمَـٰلَكُمْ وَيَغْفِرْ لَكُمْ ذُنُوبَكُمْ ۗ وَمَن يُطِعِ ٱللَّهَ وَرَسُولَهُۥ فَقَدْ فَازَ فَوْزًا عَظِيمًا,"niscaya Allah memperbaiki bagimu amalan-amalanmu dan mengampuni bagimu dosa-dosamu.  Dan barang siapa menaati Allah dan rasul-Nya, maka sesungguhnya ia telah mendapat kemenangan yang besar.","niscaya Allah akan memperbaiki amal-amalmu dan mengampuni dosa-dosamu. Dan barang siapa menaati Allah dan Rasul-Nya, maka sungguh, dia menang dengan kemenangan yang agung.","Anda akan diampuni untuk Anda, dan dosa -dosa Anda diampuni untuk Anda."
72,إِنَّا عَرَضْنَا ٱلْأَمَانَةَ عَلَى ٱلسَّمَـٰوَٰتِ وَٱلْأَرْضِ وَٱلْجِبَالِ فَأَبَيْنَ أَن يَحْمِلْنَهَا وَأَشْفَقْنَ مِنْهَا وَحَمَلَهَا ٱلْإِنسَـٰنُ ۖ إِنَّهُۥ كَانَ ظَلُومًا جَهُولًا,"Sesungguhnya Kami telah mengemukakan amanat  kepada langit, bumi, dan gunung-gunung, maka semuanya enggan untuk memikul amanat itu dan mereka khawatir akan mengkhianatinya dan dipikullah amanat itu oleh manusia.  Sesungguhnya manusia itu amat zalim dan amat bodoh,","Sesungguhnya Kami telah menawarkan amanat kepada langit, bumi dan gunung-gunung; tetapi semuanya enggan untuk memikul amanat itu dan mereka khawatir tidak akan melaksanakannya (berat), lalu dipikullah amanat itu oleh manusia. Sungguh, manusia itu sangat zalim dan sangat bodoh,","Kami telah menghadirkan umat beriman kepada langit, bumi, dan gunung yang tidak adil bodoh"
73,لِّيُعَذِّبَ ٱللَّهُ ٱلْمُنَـٰفِقِينَ وَٱلْمُنَـٰفِقَـٰتِ وَٱلْمُشْرِكِينَ وَٱلْمُشْرِكَـٰتِ وَيَتُوبَ ٱللَّهُ عَلَى ٱلْمُؤْمِنِينَ وَٱلْمُؤْمِنَـٰتِ ۗ وَكَانَ ٱللَّهُ غَفُورًا رَّحِيمًۢا,sehingga Allah mengazab orang-orang munafik laki-laki dan perempuan dan orang-orang musyrikin laki-laki dan perempuan dan sehingga Allah menerima tobat orang-orang mukmin laki-laki dan perempuan.  Dan adalah Allah Maha Pengampun lagi Maha Penyayang.,"sehingga Allah akan mengazab orang-orang munafik laki-laki dan perempuan, orang-orang musyrik laki-laki dan perempuan; dan Allah akan menerima tobat orang-orang mukmin laki-laki dan perempuan. Dan Allah Maha Pengampun, Maha Penyayang.","Biarkan Tuhan disiksa oleh orang -orang yang sukses, orang -orang yang terpisah, sendi, dan orang -orang yang diberkati, dan kebaikan Tuhan, dan Tuhan, dan Tuhan, dan Tuhan, dan Tuhan, Tuhan diampuni, penuh belas kasihan"
