,Unnamed: 0,Chapter,Verse,Google Translate,Kemenag,King Fahd,Fahd - Google,Kemenag - Google,Fahd - Kemenag,total,min sum
136,136,2,138,"Pewarna Allah, dan siapakah yang lebih baik dari Allah dalam hal pewarnaan? Dan kita adalah hamba-hamba-Nya.","""Ṣibgah Allah"" Siapa yang lebih baik ṣibgah-nya daripada Allah? Dan kepada-Nya kami menyembah.",Ṣibgah Allah.  Dan siapakah yang lebih baik Ṣibgah-nya daripada Allah? Dan hanya kepada-Nya-lah kami menyembah.,0.5091562,0.50397897,0.9627611,1.01313517,1.01313517
337,337,3,54," Dan mereka berencana, dan Allah pun berencana. Dan Allah adalah sebaik-baik perencana.","Dan mereka (orang-orang kafir) membuat tipu daya, maka Allah pun membalas tipu daya. Dan Allah sebaik-baik pembalas tipu daya.","Orang-orang kafir itu membuat tipu daya, dan Allah membalas tipu daya mereka itu.  Dan Allah sebaik-baik pembalas tipu daya.",0.44710162,0.4761802,0.945183,0.9232818199999999,0.9232818199999999
581,581,4,98," Kecuali orang-orang tertindas di antara laki-laki, perempuan, dan anak-anak yang tidak dapat merancang rencana dan juga tidak ditunjukkan jalan.","Kecuali mereka yang tertindas baik laki-laki atau perempuan dan anak-anak yang tidak berdaya dan tidak mengetahui jalan (untuk berhijrah),","kecuali mereka yang tertindas, baik laki-laki atau wanita ataupun anak-anak yang tidak mampu berdaya upaya dan tidak mengetahui jalan (untuk hijrah),",0.4930491,0.612253,0.8256724,1.1053021,1.1053021
762,762,5,103," Allah tidak menjadikan sesuatu pun yang Bahiroh, Sa'ibah, Wasilah dan Hami, akan tetapi orang-orang yang kafir itu mengada-adakan kebohongan terhadap Allah, dan kebanyakan mereka tidak dapat berpikir.","Allah tidak pernah mensyariatkan adanya Baḥīrah, Sāibah, Waṣīlah dan Ḥām. Tetapi orang-orang kafir membuat-buat kedustaan terhadap Allah, dan kebanyakan mereka tidak mengerti.","Allah sekali-kali tidak pernah mensyariatkan adanya baḥīrah, sā`ibah, waṣīlah, dan ḥām.  Akan tetapi, orang-orang kafir membuat-buat kedustaan terhadap Allah, dan kebanyakan mereka tidak mengerti.",0.609727,0.6141957,0.96487105,1.2239227000000001,1.2239227000000001
816,816,9,37,"Interkalasi hanyalah penambahan kekufuran yang dengannya orang-orang kafir disesatkan. Mereka menghalalkannya pada suatu tahun dan mengharamkannya pada tahun yang lain agar mereka dapat menyempurnakan apa yang diharamkan Allah, dan dengan demikian menghalalkan apa yang diharamkan Allah. Perbuatan-perbuatan jahat mereka telah dijadikan indah bagi mereka, dan Allah tidak memberi petunjuk kepada orang-orang kafir.","Sesungguhnya pengunduran (bulan haram) itu hanya menambah kekafiran. Orang-orang kafir disesatkan dengan (pengunduran) itu, mereka menghalalkannya satu tahun dan mengharamkannya pada tahun yang lain, agar mereka dapat menyesuaikan dengan bilangan yang diharamkan Allah, sekaligus mereka menghalalkan apa yang diharamkan Allah. (Oleh Setan) dijadikan terasa indah bagi mereka perbuatan-perbuatan buruk mereka. Dan Allah tidak memberi petunjuk kepada orang-orang yang kafir.","Sesungguhnya mengundur-undurkan bulan haram itu adalah menambah kekafiran, disesatkan orang-orang yang kafir dengan mengundur-undurkan itu, mereka menghalalkannya pada suatu tahun dan mengharamkannya pada tahun yang lain, agar mereka dapat mensesuaikan dengan bilangan yang Allah mengharamkannya, maka mereka menghalalkan apa yang diharamkan Allah.  (Setan) menjadikan mereka memandang baik perbuatan mereka yang buruk itu.  Dan Allah tidak memberi petunjuk kepada orang-orang yang kafir.",0.34677973,0.35438406,0.879055,0.7011637900000001,0.7011637900000001
957,957,24,49," Dan jika kebenaran itu milik mereka, mereka akan menerimanya dengan berserah diri.","Tetapi, jika kebenaran dipihak mereka, mereka datang kepadanya (Rasul) dengan patuh.","Tetapi jika keputusan itu untuk (kemaslahatan) mereka, mereka datang kepada rasul dengan patuh.",0.31412506,0.7111229,0.52515614,1.02524796,1.02524796
986,986,33,14," Dan jika surga itu datang kepada mereka dari daerahnya, kemudian mereka diminta untuk mengujinya, niscaya mereka akan mengujinya, dan mereka tidak akan tinggal di dalamnya kecuali sebentar saja.","Dan kalau (Yasrib) diserang dari segala penjuru, dan mereka diminta agar membuat kekacauan, niscaya mereka mengerjakannya; dan hanya sebentar saja mereka menunggu.","Kalau (Yaṡrib) diserang dari segala penjuru, kemudian diminta kepada mereka supaya murtad , niscaya mereka mengerjakannya dan mereka tiada akan menunda untuk murtad itu, melainkan dalam waktu yang singkat.",0.43817282,0.42802608,0.77261436,0.8661989,0.8661989
1050,1050,47,5, Dia akan membimbing mereka dan mengatur urusan mereka dengan benar.,"Allah akan memberi petunjuk kepada mereka dan memperbaiki keadaan mereka,","Allah akan memberi pimpinan kepada mereka dan memperbaiki keadaan mereka,",0.57049555,0.5294588,0.8965346,1.09995435,1.09995435
1086,1086,48,3, Dan Allah akan memberimu kemenangan besar.,dan agar Allah menolongmu dengan pertolongan yang kuat (banyak).,dan supaya Allah menolongmu dengan pertolongan yang kuat (banyak).,0.57163674,0.5645894,0.9781045,1.13622614,1.13622614
1116,1116,49,4,"Sesungguhnya orang-orang yang menyeru kamu dari belakang bilik-bilik, kebanyakan mereka tidak dapat berpikir.",Sesungguhnya orang-orang yang memanggil engkau (Muhammad) dari luar kamar(mu) kebanyakan mereka tidak mengerti.,Sesungguhnya orang-orang yang memanggil kamu dari luar kamar(mu) kebanyakan mereka tidak mengerti.,0.6084319,0.59459865,0.9300325,1.20303055,1.20303055
1144,1144,57,14,"Mereka berseru kepada orang-orang kafir, “Bukankah kami dahulu bersama kamu?” Mereka menjawab, “Benar, tetapi kamu telah mencobai dirimu sendiri, menanti-nantikan, dan ragu-ragu, dan angan-anganmu itu telah menipu kamu, hingga datanglah keputusan Allah, lalu penipu itu menipu kamu tentang Allah.”","Orang-orang munafik memanggil orang-orang mukmin, ""Bukankah kami dahulu bersama kamu?"" Mereka menjawab, ""Benar, tetapi kamu mencelakakan dirimu sendiri, dan kamu hanya menunggu, meragukan (janji Allah) dan ditipu oleh angan-angan kosong sampai datang ketetapan Allah; dan penipu (setan) datang memperdaya kamu tentang Allah.","Orang-orang munafik itu memanggil mereka (orang-orang mukmin) seraya berkata, ""Bukankah kami dahulu bersama-sama dengan kamu?"" Mereka menjawab, ""Benar, tetapi kamu mencelakakan dirimu sendiri dan menunggu (kehancuran kami), dan kamu ragu-ragu serta ditipu oleh angan-angan kosong sehingga datanglah ketetapan Allah; dan kamu telah ditipu terhadap Allah oleh (setan) yang amat penipu.",0.6749748,0.6921643,0.97070813,1.3671391,1.3671391
1171,1171,58,12," Wahai orang-orang yang beriman, jika kamu berunding dengan Rasulullah, hendaklah kamu bersedekah sebelum berunding dengan diri sendiri. Yang demikian itu lebih baik bagimu dan lebih suci. Jika kamu tidak menemukan sesuatu pun, maka sesungguhnya Allah Maha Pengampun lagi Maha Penyayang.","Wahai orang-orang yang beriman! Apabila kamu mengadakan pembicaraan khusus dengan Rasul, hendaklah kamu mengeluarkan sedekah (kepada orang miskin) sebelum (melakukan) pembicaraan itu. Yang demikian itu lebih baik bagimu dan lebih bersih. Tetapi jika kamu tidak memperoleh (yang akan disedekahkan) maka sungguh, Allah Maha Pengampun, Maha Penyayang.","Hai orang-orang beriman, apabila kamu mengadakan pembicaraan khusus dengan rasul hendaklah kamu mengeluarkan sedekah (kepada orang miskin) sebelum pembicaraan itu.  Yang demikian itu adalah lebih baik bagimu dan lebih bersih; jika kamu tiada memperoleh (yang akan disedekahkan),  maka sesungguhnya Allah Maha Pengampun lagi Maha Penyayang.",0.5682858,0.57078815,0.9403205,1.13907395,1.13907395
1190,1190,59,9," Dan orang-orang yang telah mapan dalam rumah tangga dan iman sebelum mereka, mencintai orang-orang yang berhijrah kepada mereka, dan tidak merasa dalam hati mereka kekurangan apa yang diberikan kepada mereka, dan mengutamakan mereka atas diri mereka sendiri, meskipun mereka sangat membutuhkan. Dan barangsiapa yang terpelihara dari kekikiran jiwanya, merekalah orang-orang yang beruntung.","Dan orang-orang (Ansar) yang telah menempati kota Madinah dan telah beriman sebelum (kedatangan) mereka (Muhajirin), mereka mencintai orang yang berhijrah ke tempat mereka. Dan mereka tidak menaruh keinginan dalam hati mereka terhadap apa yang diberikan kepada mereka (Muhajirin); dan mereka mengutamakan (Muhajirin), atas dirinya sendiri, meskipun mereka juga memerlukan. Dan siapa yang dijaga dirinya dari kekikiran, maka mereka itulah orang-orang yang beruntung.","Dan orang-orang yang telah menempati kota Madinah dan telah beriman (Ansar) sebelum (kedatangan) mereka (Muhajirin), mereka mencintai orang yang berhijrah kepada mereka.  Dan mereka tiada menaruh keinginan dalam hati mereka terhadap apa-apa yang diberikan kepada mereka (orang Muhajirin); dan mereka mengutamakan (orang-orang Muhajirin), atas diri mereka sendiri, sekalipun mereka memerlukan (apa yang mereka berikan ini).  Dan siapa yang dipelihara dari kekikiran dirinya, mereka itulah orang orang yang beruntung",0.63141036,0.64588165,0.9235153,1.27729201,1.27729201
1216,1216,60,11,"Dan jika salah seorang dari istri-istrimu telah meninggal dunia karena orang-orang kafir, lalu kamu menyiksa mereka, maka berikanlah kepada mereka (yang istrinya telah meninggal) harta yang telah mereka nafkahkan. Dan bertakwalah kepada Allah, yang kepada-Nya kamu beriman.","Dan jika ada sesuatu (pengembalian mahar) yang belum kamu selesaikan dari istri-istrimu yang lari kepada orang-orang kafir, lalu kamu dapat mengalahkan mereka maka berikanlah (dari harta rampasan) kepada orang-orang yang istrinya lari itu sebanyak mahar yang telah mereka berikan. Dan bertakwalah kamu kepada Allah yang kepada-Nya kamu beriman.","Dan jika seseorang dari istri-istrimu lari kepada orang-orang kafir, lalu kamu mengalahkan mereka, maka bayarkanlah kepada orang-orang yang lari istrinya itu mahar sebanyak yang telah mereka bayar.  Dan bertakwalah kepada Allah Yang kepada-Nya kamu beriman.",0.7399624,0.720855,0.897275,1.4608174,1.4608174
1227,1227,61,9," Dialah yang telah mengutus Rasul-Nya dengan petunjuk dan agama yang benar untuk dimenangkan-Nya atas segala agama, meskipun orang-orang yang mempersekutukan Allah tidak menyukainya.","Dialah yang mengutus Rasul-Nya dengan membawa petunjuk dan agama yang benar, untuk memenangkannya di atas segala agama meskipun orang-orang musyrik membencinya.",Dia-lah yang mengutus rasul-Nya dengan membawa petunjuk dan agama yang benar agar Dia memenangkannya di atas segala agama-agama meskipun orang musyrik benci.,0.7258299,0.81587857,0.9149896,1.54170847,1.54170847
1235,1235,62,3, Dan belumlah ada yang menyusul mereka. Dan Dia Maha Perkasa lagi Maha Bijaksana.,"dan (juga) kepada kaum yang lain dari mereka yang belum bertemu dengan mereka. Dan Dialah Yang Mahaperkasa, Mahabijaksana.",dan (juga) kepada kaum yang lain dari mereka yang belum berhubungan dengan mereka.  Dan Dia-lah Yang Maha Perkasa lagi Maha Bijaksana.,0.74429625,0.70706904,0.9533479,1.45136529,1.45136529
1251,1251,63,8," Mereka berkata, ""Jika kita kembali ke Madinah, orang-orang yang lebih terhormat pasti akan mengusir orang-orang yang lebih rendah hati darinya."" Padahal, kemuliaan itu milik Allah, milik Rasul-Nya, dan milik orang-orang mukmin, tetapi orang-orang munafik itu tidak mengetahui.","Mereka berkata, ""Sungguh, jika kita kembali ke Madinah (kembali dari perang Bani Mustalik), pastilah orang yang kuat akan mengusir orang-orang yang lemah dari sana."" Padahal kekuatan itu hanyalah bagi Allah, Rasul-Nya dan bagi orang-orang mukmin, tetapi orang-orang munafik itu tidak mengetahui.","Mereka berkata, ""Sesungguhnya jika kita telah kembali ke Madinah, benar-benar orang yang kuat akan mengusir orang-orang yang lemah darinya"".  Padahal kekuatan itu hanyalah bagi Allah, bagi rasul-Nya dan bagi orang-orang mukmin, tetapi orang-orang munafik itu tiada mengetahui.",0.7688153,0.7406141,0.9273329,1.5094294000000001,1.5094294000000001
1263,1263,64,9," Hari di mana Dia mengumpulkan kalian pada Hari Perkumpulan—yaitu Hari Kerugian Bersama. Dan barangsiapa yang beriman kepada Allah dan beramal saleh, maka Dia akan menghapus kesalahan-kesalahannya dan memasukkannya ke dalam surga yang mengalir di bawahnya sungai-sungai, mereka kekal di dalamnya. Itulah kemenangan yang agung.","(Ingatlah) pada hari (ketika) Allah mengumpulkan kamu pada hari berhimpun, itulah hari pengungkapan kesalahan-kesalahan. Dan barangsiapa beriman kepada Allah dan mengerjakan kebajikan niscaya Allah akan menghapus kesalahan-kesalahannya dan memasukkannya ke dalam surga yang mengalir di bawahnya sungai-sungai, mereka kekal di dalamnya selama-lamanya. Itulah kemenangan yang agung.","(Ingatlah) hari (yang di waktu itu) Allah mengumpulkan kamu pada hari pengumpulan (untuk dihisab), itulah hari (waktu itu) ditampakkan kesalahan-kesalahan.  Dan barang siapa yang beriman kepada Allah dan mengerjakan amal saleh, niscaya Allah akan menghapus kesalahan-kesalahannya dan memasukkannya ke dalam surga yang mengalir di bawahnya sungai-sungai, mereka kekal di dalamnya selama-lamanya.  Itulah keberuntungan yang besar.",0.71430296,0.74816877,0.90514696,1.46247173,1.46247173
1280,1280,65,8,Dan berapa banyak negeri yang telah durhaka terhadap perintah Tuhannya dan para rasul-Nya? Maka Kami menimpakan azab yang pedih kepadanya dan Kami siksa dia dengan azab yang pedih.,"Dan betapa banyak (penduduk) negeri yang mendurhakai perintah Tuhan mereka dan rasul-rasul-Nya, maka Kami buat perhitungan terhadap penduduk negeri itu dengan perhitungan yang ketat, dan Kami azab mereka dengan azab yang mengerikan (di akhirat).","Dan berapalah banyaknya (penduduk) negeri yang mendurhakai perintah Tuhan mereka dan rasul-rasul-Nya, maka Kami hisab penduduk negeri itu dengan hisab yang keras, dan Kami azab mereka dengan azab yang mengerikan.",0.7421117,0.67172205,0.90148807,1.41383375,1.41383375
1287,1287,66,3," Dan ketika Nabi SAW menceritakan suatu pernyataan kepada salah seorang istrinya, dan ketika istrinya itu menceritakannya, lalu Allah memberitahukannya kepada beliau, beliau pun memberitahukannya sebagian dan mengabaikan sebagian lagi. Ketika Nabi SAW menceritakannya, istrinya bertanya, ""Siapa yang memberitahumu tentang ini?"" Beliau menjawab, ""Yang Maha Mengetahui lagi Maha Mengenal yang memberitahuku.""","Dan ingatlah ketika secara rahasia Nabi membicarakan suatu peristiwa kepada salah seorang istrinya (Hafsah). Lalu dia menceritakan peristiwa itu (kepada Aisyah) dan Allah memberitahukan peristiwa itu kepadanya (Nabi), lalu (Nabi) memberitahukan (kepada Hafsah) sebagian dan menyembunyikan sebagian yang lain. Maka ketika dia (Nabi) memberitahukan pembicaraan itu kepadanya (Hafsah), dia bertanya, ""Siapa yang telah memberitahukan hal ini kepadamu?"" Nabi menjawab, ""Yang memberitahukan kepadaku adalah Allah Yang Maha Mengetahui, Mahateliti.""","Dan ingatlah ketika nabi membicarakan secara rahasia kepada salah seorang dari istri-istrinya (ῌafṣah) suatu peristiwa.  Maka tatkala (ῌafṣah) menceritakan peristiwa itu (kepada ʻĀ`isyah) dan Allah memberitahukan hal itu (semua pembicaraan ῌafṣah dengan ʻĀ`isyah) kepada Muhammad, lalu Muhammad memberitahukan sebagian (yang diberitakan Allah kepadanya) dan menyembunyikan sebagian yang lain (kepada ῌafṣah).  Maka tatkala (Muhammad) memberitahukan pembicaraan (antara ῌafṣah dan ʻĀ`isyah), lalu ῌafṣah bertanya, ""Siapakah yang telah memberitahukan hal ini kepadamu?"" Nabi menjawab, ""Telah diberitahukan kepadaku oleh Allah yang Maha Mengetahui lagi Maha Mengenal"".",0.5866606,0.73482585,0.64426833,1.32148645,1.32148645
